Entity,Year,Country code,female suicide rate,male suicide rate
Afghanistan,2004,AFG,8.630155563,4.884803772
Albania,2004,ALB,6.060874939,9.330574036
Algeria,2004,DZA,4.600764751,5.145025253
Andorra,2004,AND,2.902797222,8.048293114
Angola,2004,AGO,8.143819809,21.47297668
Antigua and Barbuda,2004,ATG,,4.430495262
Argentina,1966,ARG,3.773803,12.20396
Argentina,1967,ARG,4.522207,15.55211
Argentina,1968,ARG,4.950262,16.78204
Argentina,1969,ARG,4.47279,16.7764
Argentina,1970,ARG,5.086274,16.04499
Argentina,1977,ARG,4.095239,11.71793
Argentina,1978,ARG,4.20104,11.94934
Argentina,1979,ARG,3.768375,10.19954
Argentina,1980,ARG,3.895963,11.59206
Argentina,1981,ARG,3.973988,12.98644
Argentina,1982,ARG,3.379611,11.06296
Argentina,1983,ARG,3.553246,9.592617
Argentina,1984,ARG,3.264729,10.37836
Argentina,1985,ARG,3.57422,10.73983
Argentina,1986,ARG,4.305565,12.03627
Argentina,1987,ARG,4.496664,11.58906
Argentina,1988,ARG,4.194231,11.82209
Argentina,1989,ARG,3.802261,11.35565
Argentina,1990,ARG,3.655709,10.51878
Argentina,1991,ARG,2.975335,9.852893
Argentina,1992,ARG,2.9983,11.32803
Argentina,1993,ARG,2.870972,11.57395
Argentina,1994,ARG,2.945701,11.19603
Argentina,1995,ARG,2.831591,10.77449
Argentina,1996,ARG,2.955786,10.63765
Argentina,1997,ARG,3.053083,10.30783
Argentina,1998,ARG,2.805949,10.91713
Argentina,1999,ARG,2.604184,11.39431
Argentina,2000,ARG,2.917899,12.92308
Argentina,2001,ARG,3.537312,14.0125
Argentina,2002,ARG,3.624188,13.75238
Argentina,2003,ARG,3.470717,14.32759
Argentina,2004,ARG,3.28949,13.3532
Armenia,2004,ARM,1.542518139,6.392276287
Australia,1950,AUS,4.559263,13.89218
Australia,1951,AUS,4.573612,14.318
Australia,1952,AUS,5.168044,15.99589
Australia,1953,AUS,5.885497,15.86971
Australia,1954,AUS,5.378865,16.23365
Australia,1955,AUS,5.318667,15.49302
Australia,1956,AUS,5.7286,16.03185
Australia,1957,AUS,6.757056,17.84965
Australia,1958,AUS,6.139689,19.05134
Australia,1959,AUS,5.798526,16.91927
Australia,1960,AUS,6.195316,15.61751
Australia,1961,AUS,6.841145,17.6378
Australia,1962,AUS,8.803148,19.69866
Australia,1963,AUS,10.87834,22.00281
Australia,1964,AUS,10.17107,20.24845
Australia,1965,AUS,11.19239,19.79254
Australia,1966,AUS,10.9659,18.46308
Australia,1967,AUS,11.42143,20.10027
Australia,1968,AUS,8.789992,17.81481
Australia,1969,AUS,8.080665,17.69678
Australia,1970,AUS,7.769779,18.06028
Australia,1971,AUS,9.616284,18.94889
Australia,1972,AUS,8.662896,17.58323
Australia,1973,AUS,7.727494,16.49461
Australia,1974,AUS,7.592533,16.73973
Australia,1975,AUS,7.196371,15.81281
Australia,1976,AUS,5.920273,16.26861
Australia,1977,AUS,6.31923,16.4062
Australia,1978,AUS,6.624237,16.04263
Australia,1979,AUS,6.605552,16.75487
Australia,1980,AUS,5.547964,16.48452
Australia,1981,AUS,5.491399,16.8945
Australia,1982,AUS,5.708966,17.21728
Australia,1983,AUS,5.029721,16.63548
Australia,1984,AUS,5.075873,16.99337
Australia,1985,AUS,5.098112,17.79891
Australia,1986,AUS,5.602667,19.13559
Australia,1987,AUS,5.035711,20.54657
Australia,1988,AUS,5.167239,19.85528
Australia,1989,AUS,4.624014,18.75663
Australia,1990,AUS,4.798937,19.78778
Australia,1991,AUS,5.228232,19.98861
Australia,1992,AUS,4.89091,19.48194
Australia,1993,AUS,4.123482,17.68173
Australia,1994,AUS,4.31111,19.90309
Australia,1995,AUS,4.759037,18.06133
Australia,1996,AUS,4.651205,20.42005
Australia,1997,AUS,5.565905,21.60116
Australia,1998,AUS,5.183353,21.56089
Australia,1999,AUS,4.872392,20.07539
Australia,2000,AUS,4.892426,18.68202
Australia,2001,AUS,4.904302,18.95002
Australia,2002,AUS,4.672353,17.50702
Australia,2003,AUS,4.357681,15.9637
Australia,2004,AUS,4.001978,15.45678
Austria,1955,AUT,13.03628,29.9986
Austria,1956,AUT,12.27382,29.41163
Austria,1957,AUT,12.48098,31.28951
Austria,1958,AUT,12.57883,30.85925
Austria,1959,AUT,12.87934,32.8964
Austria,1960,AUT,12.32755,30.00605
Austria,1961,AUT,11.31911,29.02644
Austria,1962,AUT,10.88243,30.66251
Austria,1963,AUT,11.50477,28.86131
Austria,1964,AUT,10.76881,31.15179
Austria,1965,AUT,11.91786,30.12741
Austria,1966,AUT,11.47748,31.14718
Austria,1967,AUT,10.59512,30.58935
Austria,1968,AUT,10.37276,30.88516
Austria,1969,AUT,11.80839,29.9316
Austria,1970,AUT,11.48161,34.50694
Austria,1971,AUT,11.95893,30.41938
Austria,1972,AUT,11.69622,32.07743
Austria,1973,AUT,10.86969,30.33344
Austria,1974,AUT,11.7306,32.44387
Austria,1975,AUT,11.20179,33.85298
Austria,1976,AUT,10.42361,31.4998
Austria,1977,AUT,12.14137,32.55373
Austria,1978,AUT,11.56861,34.55973
Austria,1979,AUT,11.96192,34.22878
Austria,1980,AUT,11.6723,35.08724
Austria,1981,AUT,12.16062,36.64823
Austria,1982,AUT,11.47526,38.58706
Austria,1983,AUT,12.00734,36.33307
Austria,1984,AUT,11.55282,36.24397
Austria,1985,AUT,12.29975,36.632
Austria,1986,AUT,12.68535,37.60686
Austria,1987,AUT,11.83288,35.30519
Austria,1988,AUT,10.14236,32.06349
Austria,1989,AUT,11.04587,31.599
Austria,1990,AUT,10.01155,30.09333
Austria,1991,AUT,8.896665,29.86096
Austria,1992,AUT,9.188734,29.15996
Austria,1993,AUT,8.58971,27.89434
Austria,1994,AUT,9.264556,28.66391
Austria,1995,AUT,8.037958,29.59781
Austria,1996,AUT,7.675908,29.11086
Austria,1997,AUT,7.532901,25.71262
Austria,1998,AUT,6.980475,25.55881
Austria,1999,AUT,7.582592,24.21744
Austria,2000,AUT,7.811996,25.11893
Austria,2001,AUT,7.079841,23.35394
Austria,2002,AUT,6.394913,25.14929
Austria,2003,AUT,6.941166,22.30559
Austria,2004,AUT,5.982184,22.4088
Azerbaijan,1981,AZE,3.826715,7.927753
Azerbaijan,1982,AZE,2.853445,7.157553
Azerbaijan,1985,AZE,2.51677,6.943275
Azerbaijan,1986,AZE,2.680833,6.119931
Azerbaijan,1987,AZE,2.909419,6.665195
Azerbaijan,1988,AZE,2.534463,5.681418
Azerbaijan,1989,AZE,2.491978,5.886524
Azerbaijan,1990,AZE,0.832518,3.321677
Azerbaijan,1991,AZE,1.008676,3.370187
Azerbaijan,1992,AZE,1.089356,3.772966
Azerbaijan,1993,AZE,1.028466,2.789392
Azerbaijan,1994,AZE,0.5496479,1.096277
Azerbaijan,1995,AZE,0.1800632,1.481606
Azerbaijan,1996,AZE,0.3849193,1.912715
Azerbaijan,1997,AZE,0.6182882,2.83542
Azerbaijan,1998,AZE,0.4200949,1.279725
Azerbaijan,1999,AZE,0.3348784,1.271021
Azerbaijan,2000,AZE,0.3883553,1.318945
Azerbaijan,2004,AZE,0.545843542,2.332625866
Bahamas,2004,BHS,1.609110832,5.236285686
Bahrain,1985,BHR,0.9027397,3.004878
Bahrain,1987,BHR,1.102464,3.165804
Bahrain,1988,BHR,0.6495454,3.908124
Bahrain,1999,BHR,0.9799417,2.682337
Bahrain,2000,BHR,0.3023646,5.668147
Bahrain,2001,BHR,0.9313131,4.347687
Bahrain,2004,BHR,0.739074409,6.751053333
Bangladesh,2004,BGD,14.39273071,14.80530262
Barbados,2004,BRB,0.706947982,5.563058376
Belarus,1981,BLR,7.598261,43.05365
Belarus,1982,BLR,7.861515,46.55949
Belarus,1985,BLR,7.038442,39.40578
Belarus,1986,BLR,6.212348,29.19821
Belarus,1987,BLR,7.177848,30.94182
Belarus,1988,BLR,6.634208,29.90354
Belarus,1989,BLR,7.002693,36.13258
Belarus,1990,BLR,6.732969,33.62659
Belarus,1991,BLR,6.723573,34.95369
Belarus,1992,BLR,7.351676,39.10175
Belarus,1993,BLR,8.073069,46.87016
Belarus,1994,BLR,8.660213,51.30384
Belarus,1995,BLR,7.978991,53.61209
Belarus,1997,BLR,8.894451,58.47642
Belarus,1998,BLR,8.242284,59.41307
Belarus,1999,BLR,8.470365,56.92015
Belarus,2000,BLR,7.625254,58.47842
Belarus,2001,BLR,7.420166,55.03092
Belarus,2002,BLR,7.895929,54.27013
Belarus,2003,BLR,8.071535,56.4411
Belarus,2004,BLR,8.473065376,57.22063446
Belgium,1954,BEL,5.845822,17.54742
Belgium,1955,BEL,5.675556,16.99986
Belgium,1956,BEL,6.93027,17.72301
Belgium,1957,BEL,6.829298,17.9598
Belgium,1958,BEL,6.465755,18.53559
Belgium,1959,BEL,5.952488,16.2762
Belgium,1960,BEL,6.432151,18.6682
Belgium,1961,BEL,6.508991,18.87755
Belgium,1962,BEL,6.070828,17.22317
Belgium,1963,BEL,7.051043,17.01497
Belgium,1964,BEL,6.545495,17.72499
Belgium,1965,BEL,7.809211,18.43109
Belgium,1966,BEL,7.103776,17.82164
Belgium,1967,BEL,7.427735,18.60177
Belgium,1968,BEL,8.124631,18.88451
Belgium,1969,BEL,7.336564,18.76591
Belgium,1970,BEL,9.104628,19.36163
Belgium,1971,BEL,7.747962,19.15955
Belgium,1972,BEL,8.350213,18.9058
Belgium,1973,BEL,7.426606,18.43134
Belgium,1974,BEL,8.438783,19.23102
Belgium,1975,BEL,9.46524,18.66548
Belgium,1976,BEL,9.491047,19.73664
Belgium,1977,BEL,11.14024,22.41677
Belgium,1978,BEL,11.76284,24.58786
Belgium,1979,BEL,12.22354,25.14716
Belgium,1980,BEL,13.27547,25.43906
Belgium,1981,BEL,12.13564,26.31382
Belgium,1982,BEL,11.46261,26.74868
Belgium,1983,BEL,13.17877,26.91315
Belgium,1984,BEL,12.49918,28.83404
Belgium,1985,BEL,12.08548,27.58702
Belgium,1986,BEL,11.64273,26.65812
Belgium,1987,BEL,11.00628,27.84456
Belgium,1988,BEL,10.16998,24.33073
Belgium,1989,BEL,9.148507,23.77078
Belgium,1990,BEL,9.330912,22.98705
Belgium,1991,BEL,8.275788,22.46683
Belgium,1992,BEL,8.604388,23.03405
Belgium,1993,BEL,9.10681,27.39968
Belgium,1994,BEL,9.127212,27.13221
Belgium,1995,BEL,9.434156,27.09059
Belgium,1998,BEL,8.5783,25.35307
Belgium,1999,BEL,7.752482,23.3854
Belgium,2004,BEL,8.197042,24.10343
Belize,2004,BLZ,1.82664001,16.92072868
Benin,2004,BEN,4.418571949,7.956352234
Bhutan,2004,BTN,12.63560295,18.21920967
Bolivia,2004,BOL,1.176829338,2.969733477
Bosnia and Herzegovina,1985,BIH,4.601067,16.3323
Bosnia and Herzegovina,1986,BIH,5.578468,18.28368
Bosnia and Herzegovina,1987,BIH,5.648069,17.01955
Bosnia and Herzegovina,1988,BIH,4.264499,15.55702
Bosnia and Herzegovina,1989,BIH,3.86869,16.46358
Bosnia and Herzegovina,1990,BIH,3.785358,17.07744
Bosnia and Herzegovina,1991,BIH,3.27064,19.39172
Bosnia and Herzegovina,2004,BIH,6.068046093,18.32401085
Botswana,2004,BWA,9.206121445,13.51235485
Brazil,1982,BRA,1.947609,5.755142
Brazil,1983,BRA,2.26725,6.410013
Brazil,1984,BRA,2.021245,6.256275
Brazil,1985,BRA,1.853886,5.968798
Brazil,1986,BRA,1.943074,5.911354
Brazil,1987,BRA,1.93474,6.251299
Brazil,1988,BRA,1.841214,5.751139
Brazil,1989,BRA,1.668564,5.703507
Brazil,1990,BRA,1.874173,5.882924
Brazil,1991,BRA,1.790918,6.350536
Brazil,1992,BRA,1.68751,6.344799
Brazil,1993,BRA,1.6468,6.478353
Brazil,1994,BRA,1.734251,6.76115
Brazil,1995,BRA,1.895723,7.532055
Brazil,1996,BRA,1.842513,7.540172
Brazil,1997,BRA,1.82712,7.696878
Brazil,1998,BRA,1.810481,7.559261
Brazil,1999,BRA,1.499834,7.024154
Brazil,2000,BRA,1.642224,7.046959
Brazil,2001,BRA,1.801882,7.816219
Brazil,2002,BRA,1.923308,7.419659
Brazil,2003,BRA,1.771712,7.534978
Brazil,2004,BRA,1.858153,7.456256
Brunei,2004,BRN,0.375145286,2.314272642
Bulgaria,1964,BGR,4.988511,12.42583
Bulgaria,1965,BGR,5.975726,11.98519
Bulgaria,1966,BGR,5.58489,13.80761
Bulgaria,1967,BGR,5.478089,14.45061
Bulgaria,1968,BGR,6.077128,12.91787
Bulgaria,1969,BGR,6.873514,14.96132
Bulgaria,1970,BGR,6.879066,15.68739
Bulgaria,1971,BGR,6.43973,16.56146
Bulgaria,1972,BGR,6.071483,15.01032
Bulgaria,1973,BGR,6.03754,15.31942
Bulgaria,1974,BGR,6.5073,16.5959
Bulgaria,1975,BGR,6.496712,16.90427
Bulgaria,1976,BGR,7.020559,18.26727
Bulgaria,1977,BGR,6.84496,18.83344
Bulgaria,1978,BGR,6.798341,17.51578
Bulgaria,1979,BGR,7.439748,17.9175
Bulgaria,1980,BGR,7.046616,17.07483
Bulgaria,1981,BGR,6.696206,17.22673
Bulgaria,1982,BGR,7.364737,19.59806
Bulgaria,1983,BGR,5.688814,17.09483
Bulgaria,1984,BGR,7.712174,21.47015
Bulgaria,1985,BGR,7.307676,20.39728
Bulgaria,1986,BGR,7.483826,19.65689
Bulgaria,1987,BGR,7.293007,21.20062
Bulgaria,1988,BGR,7.417935,20.13602
Bulgaria,1989,BGR,7.1627,20.532
Bulgaria,1990,BGR,6.729357,18.2777
Bulgaria,1991,BGR,6.157265,19.76532
Bulgaria,1992,BGR,7.011856,22.5407
Bulgaria,1993,BGR,7.656058,21.06948
Bulgaria,1994,BGR,7.263122,21.0789
Bulgaria,1995,BGR,7.016848,20.62824
Bulgaria,1996,BGR,7.075727,22.6841
Bulgaria,1997,BGR,7.83246,20.29183
Bulgaria,1998,BGR,7.508582,21.72878
Bulgaria,1999,BGR,5.760809,19.59204
Bulgaria,2000,BGR,6.385141,20.47067
Bulgaria,2001,BGR,6.135974,19.37578
Bulgaria,2002,BGR,5.639285,19.95738
Bulgaria,2003,BGR,5.019393,16.42971
Bulgaria,2004,BGR,4.429179,15.23398
Burkina Faso,2004,BFA,5.665971756,11.11455154
Burundi,2004,BDI,7.297821045,23.38735199
Cambodia,2004,KHM,3.420325994,6.975902557
Cameroon,2004,CMR,5.32839632,9.264327049
Canada,1950,CAN,3.701859,12.51228
Canada,1951,CAN,3.834756,11.79205
Canada,1952,CAN,3.627389,11.81356
Canada,1953,CAN,3.410489,11.74572
Canada,1954,CAN,3.741708,11.7628
Canada,1955,CAN,3.635554,11.60801
Canada,1956,CAN,3.781025,12.81928
Canada,1957,CAN,3.565373,12.84387
Canada,1958,CAN,3.267719,13.10699
Canada,1959,CAN,3.432731,12.77226
Canada,1960,CAN,3.347038,13.38076
Canada,1961,CAN,3.285075,13.31418
Canada,1962,CAN,3.417043,12.55741
Canada,1963,CAN,4.184049,12.78528
Canada,1964,CAN,4.573519,13.86395
Canada,1965,CAN,5.013979,14.53212
Canada,1966,CAN,4.816313,14.28775
Canada,1967,CAN,5.281665,14.71367
Canada,1968,CAN,5.707197,15.73342
Canada,1969,CAN,6.693918,16.94827
Canada,1970,CAN,6.85581,17.57492
Canada,1971,CAN,6.870836,18.49803
Canada,1972,CAN,7.348289,18.37494
Canada,1973,CAN,7.401609,18.82068
Canada,1974,CAN,7.404959,19.31564
Canada,1975,CAN,7.020964,18.13231
Canada,1976,CAN,7.364343,18.59252
Canada,1977,CAN,7.323486,21.10947
Canada,1978,CAN,7.249467,22.04765
Canada,1979,CAN,6.893365,20.92013
Canada,1980,CAN,6.64391,20.71511
Canada,1981,CAN,6.568106,20.54513
Canada,1982,CAN,6.296635,21.6451
Canada,1983,CAN,6.628303,22.32728
Canada,1984,CAN,5.813638,20.37497
Canada,1985,CAN,5.098656,19.35044
Canada,1986,CAN,5.993124,21.53621
Canada,1987,CAN,5.735684,20.88439
Canada,1988,CAN,5.511722,20.1366
Canada,1989,CAN,5.555664,19.67531
Canada,1990,CAN,4.865834,19.16189
Canada,1991,CAN,4.760344,20.17595
Canada,1992,CAN,5.139292,19.44672
Canada,1993,CAN,4.978075,19.56115
Canada,1994,CAN,4.922986,19.14119
Canada,1995,CAN,5.047436,20.02859
Canada,1996,CAN,5.167635,19.53172
Canada,1997,CAN,4.624682,18.1415
Canada,1998,CAN,4.641982,18.03863
Canada,1999,CAN,4.892793,19.48591
Canada,2000,CAN,4.77592,16.7276
Canada,2001,CAN,4.744035,16.87974
Canada,2002,CAN,4.632044,16.43473
Canada,2003,CAN,4.803301,16.5229
Canada,2004,CAN,4.828558,15.45435
Cape Verde,2004,CPV,4.764701843,6.932240009
Central African Republic,2004,CAF,8.773792267,19.05239296
Chad,2004,TCD,5.371674538,11.47701836
Chile,1955,CHL,1.705518,10.14658
Chile,1956,CHL,3.286162,15.55472
Chile,1957,CHL,2.787757,16.05564
Chile,1958,CHL,2.964926,13.85695
Chile,1959,CHL,2.39578,11.89201
Chile,1960,CHL,3.64664,15.52745
Chile,1961,CHL,4.176262,14.98439
Chile,1962,CHL,2.89764,13.58447
Chile,1963,CHL,0.8644308,8.365624
Chile,1964,CHL,1.288428,5.9983
Chile,1965,CHL,1.139999,3.899587
Chile,1966,CHL,3.682542,13.75362
Chile,1967,CHL,0.7630991,4.736737
Chile,1968,CHL,3.92298,17.60976
Chile,1969,CHL,3.416939,14.13075
Chile,1970,CHL,2.793142,12.57828
Chile,1971,CHL,2.091359,12.44193
Chile,1972,CHL,2.313092,11.66373
Chile,1973,CHL,2.220561,10.65717
Chile,1974,CHL,1.960531,11.86406
Chile,1975,CHL,2.509824,14.49703
Chile,1976,CHL,2.519268,11.0874
Chile,1977,CHL,1.640443,12.69665
Chile,1978,CHL,1.852657,10.73624
Chile,1979,CHL,2.253324,11.62537
Chile,1980,CHL,1.48823,9.521648
Chile,1981,CHL,2.07544,11.19215
Chile,1982,CHL,1.493241,11.66377
Chile,1983,CHL,1.791543,11.23366
Chile,1984,CHL,1.742825,12.28858
Chile,1985,CHL,2.013265,11.34721
Chile,1986,CHL,2.029685,10.16231
Chile,1987,CHL,2.036328,10.46597
Chile,1988,CHL,1.897084,10.52443
Chile,1989,CHL,1.596402,10.99345
Chile,1990,CHL,1.726302,11.00416
Chile,1991,CHL,2.030589,11.09824
Chile,1992,CHL,1.422202,9.234569
Chile,1993,CHL,1.73219,10.30432
Chile,1994,CHL,1.426363,11.1224
Chile,1995,CHL,1.791788,12.47464
Chile,1996,CHL,1.71192,11.97944
Chile,1997,CHL,1.860289,11.48508
Chile,1998,CHL,1.777482,13.05255
Chile,1999,CHL,1.834275,12.82792
Chile,2000,CHL,2.69615,17.53683
Chile,2001,CHL,2.945508,18.80452
Chile,2002,CHL,3.088813,17.88378
Chile,2003,CHL,3.112759,18.17283
Chile,2004,CHL,3.206247,18.62864
China,2004,CHN,18.02147102,15.98352337
Colombia,1953,COL,0.3979131,1.927473
Colombia,1954,COL,0.703688,3.257846
Colombia,1955,COL,0.3914769,2.832612
Colombia,1956,COL,0.3340232,2.222309
Colombia,1957,COL,0.2548287,1.509441
Colombia,1958,COL,1.547101,4.607212
Colombia,1959,COL,1.930941,5.305804
Colombia,1960,COL,1.765069,5.658239
Colombia,1961,COL,2.893297,6.966426
Colombia,1962,COL,2.765813,8.855237
Colombia,1963,COL,3.251587,8.351048
Colombia,1964,COL,3.631145,8.53073
Colombia,1965,COL,4.938983,11.05097
Colombia,1966,COL,4.73882,10.16444
Colombia,1967,COL,5.493619,11.5099
Colombia,1968,COL,2.756773,8.16477
Colombia,1969,COL,1.631767,6.431482
Colombia,1972,COL,2.245594,7.24022
Colombia,1974,COL,2.267192,7.248097
Colombia,1975,COL,2.168202,6.700744
Colombia,1976,COL,1.939155,6.727814
Colombia,1977,COL,1.501226,5.989031
Colombia,1984,COL,1.580137,7.092669
Colombia,1985,COL,1.499763,6.762831
Colombia,1986,COL,1.425974,6.019554
Colombia,1987,COL,1.123727,5.360235
Colombia,1988,COL,0.9852467,5.296733
Colombia,1989,COL,1.013285,4.640345
Colombia,1990,COL,1.137153,4.58136
Colombia,1991,COL,1.249398,5.343418
Colombia,1992,COL,1.350895,5.882868
Colombia,1993,COL,1.260327,5.963886
Colombia,1994,COL,1.526278,6.272415
Colombia,1995,COL,1.387697,5.592937
Colombia,1996,COL,1.302763,5.911886
Colombia,1997,COL,1.404484,5.70885
Colombia,1998,COL,2.406739,9.129813
Colombia,1999,COL,2.301252,9.395199
Colombia,2000,COL,2.505282,9.830948
Colombia,2001,COL,2.501183,9.949824
Colombia,2002,COL,2.506116,9.256611
Colombia,2004,COL,2.180043,8.890985
Comoros,2004,COM,3.550222635,6.18409729
Congo,2004,COG,6.957852364,13.14991283
Cook Islands,2004,COK,3.290148497,5.35080862
Costa Rica,1962,CRI,0.8727162,5.527928
Costa Rica,1963,CRI,1.64262,8.564259
Costa Rica,1964,CRI,1.174007,7.331346
Costa Rica,1965,CRI,0.498162,6.126972
Costa Rica,1966,CRI,0.7799269,8.63411
Costa Rica,1967,CRI,0.4272753,8.684781
Costa Rica,1968,CRI,0.6360087,7.344354
Costa Rica,1969,CRI,0.5877427,8.362664
Costa Rica,1970,CRI,0.6645824,6.112966
Costa Rica,1971,CRI,1.125805,8.017241
Costa Rica,1972,CRI,1.363301,7.379571
Costa Rica,1973,CRI,1.356756,6.336791
Costa Rica,1974,CRI,1.576568,8.985533
Costa Rica,1975,CRI,2.115221,9.019467
Costa Rica,1976,CRI,2.641876,13.07302
Costa Rica,1977,CRI,2.350467,8.485324
Costa Rica,1978,CRI,1.839676,8.334862
Costa Rica,1979,CRI,1.295663,7.694184
Costa Rica,1980,CRI,2.385492,10.61525
Costa Rica,1981,CRI,1.513461,8.247713
Costa Rica,1982,CRI,1.949306,8.343644
Costa Rica,1983,CRI,1.563824,11.52164
Costa Rica,1984,CRI,1.794858,9.22881
Costa Rica,1985,CRI,1.326825,10.31565
Costa Rica,1986,CRI,0.9740071,11.83093
Costa Rica,1987,CRI,1.57761,8.937768
Costa Rica,1988,CRI,1.248714,11.4233
Costa Rica,1989,CRI,2.198613,11.01365
Costa Rica,1990,CRI,1.337344,11.13284
Costa Rica,1991,CRI,1.246473,8.739034
Costa Rica,1992,CRI,1.535387,9.651018
Costa Rica,1993,CRI,1.856192,10.33389
Costa Rica,1994,CRI,1.901241,9.501804
Costa Rica,1995,CRI,2.291895,10.86659
Costa Rica,1996,CRI,1.38356,11.41977
Costa Rica,1997,CRI,1.613845,9.966523
Costa Rica,1998,CRI,1.299603,11.70698
Costa Rica,1999,CRI,1.254674,12.00752
Costa Rica,2000,CRI,1.522919,11.74255
Costa Rica,2001,CRI,1.455986,9.661507
Costa Rica,2002,CRI,1.933612,12.34662
Costa Rica,2003,CRI,2.442115,13.56202
Costa Rica,2004,CRI,2.148408,14.01306
Cote d'Ivoire,2004,CIV,11.85433578,28.09916687
Croatia,1985,HRV,10.02628,30.38738
Croatia,1986,HRV,9.546262,30.17093
Croatia,1987,HRV,10.73183,32.17424
Croatia,1988,HRV,11.11103,30.85986
Croatia,1989,HRV,10.14025,28.04429
Croatia,1990,HRV,10.20551,31.37354
Croatia,1991,HRV,9.989329,30.06224
Croatia,1992,HRV,9.034454,33.47615
Croatia,1993,HRV,9.667844,30.59909
Croatia,1994,HRV,9.080338,31.04424
Croatia,1995,HRV,7.616956,26.88384
Croatia,1996,HRV,8.89677,31.70749
Croatia,1997,HRV,8.328824,28.80243
Croatia,1998,HRV,9.316629,31.55601
Croatia,1999,HRV,8.638062,30.4769
Croatia,2000,HRV,7.595149,30.41285
Croatia,2001,HRV,6.665844,25.77935
Croatia,2002,HRV,6.912228,24.98528
Croatia,2003,HRV,5.606805,25.6826
Croatia,2004,HRV,7.074668,23.86886
Cuba,1964,CUB,8.704844,15.97404
Cuba,1968,CUB,10.60389,17.15462
Cuba,1969,CUB,10.65689,13.42893
Cuba,1970,CUB,11.06531,16.96527
Cuba,1971,CUB,12.11019,19.81159
Cuba,1972,CUB,13.99399,20.59531
Cuba,1973,CUB,13.32282,25.1382
Cuba,1974,CUB,16.35233,25.86386
Cuba,1975,CUB,15.75323,25.26874
Cuba,1976,CUB,17.38483,24.99421
Cuba,1977,CUB,18.4484,23.97922
Cuba,1992,CUB,17.22876,24.30702
Cuba,1993,CUB,17.2061,25.27676
Cuba,1994,CUB,14.70204,25.43201
Cuba,1995,CUB,14.09523,24.45931
Cuba,1996,CUB,11.42207,23.17361
Cuba,1997,CUB,10.52007,23.30941
Cuba,1998,CUB,10.80781,22.9506
Cuba,1999,CUB,9.469912,23.68713
Cuba,2000,CUB,8.589081,21.13802
Cuba,2001,CUB,7.20769,19.1257
Cuba,2002,CUB,7.033532,17.93988
Cuba,2003,CUB,5.714284,17.50294
Cuba,2004,CUB,5.674331,17.69127
Cyprus,1999,CYP,,0.265023
Cyprus,2000,CYP,,2.262353
Cyprus,2004,CYP,0.2754736,0.980029
Czech Republic,1986,CZE,9.503201,28.8535
Czech Republic,1987,CZE,8.125144,25.93634
Czech Republic,1988,CZE,8.98777,25.40523
Czech Republic,1989,CZE,8.210373,25.30838
Czech Republic,1990,CZE,8.271993,26.55952
Czech Republic,1991,CZE,7.742053,25.75252
Czech Republic,1992,CZE,7.50093,27.11848
Czech Republic,1993,CZE,7.470964,25.81005
Czech Republic,1994,CZE,7.617469,24.32088
Czech Republic,1995,CZE,6.44746,23.28092
Czech Republic,1996,CZE,5.081792,21.61188
Czech Republic,1997,CZE,5.25615,22.94675
Czech Republic,1998,CZE,4.965591,22.166
Czech Republic,1999,CZE,4.659358,22.2891
Czech Republic,2000,CZE,5.038876,22.37462
Czech Republic,2001,CZE,4.686975,22.12178
Czech Republic,2002,CZE,4.675765,20.64323
Czech Republic,2003,CZE,5.044152,23.33724
Czech Republic,2004,CZE,4.079931,21.73415
Czechoslovakia,1953,OWID_CZS,10.82814,28.34556
Czechoslovakia,1954,OWID_CZS,10.28614,29.97081
Czechoslovakia,1955,OWID_CZS,10.25148,28.36906
Czechoslovakia,1956,OWID_CZS,10.87737,29.13223
Czechoslovakia,1957,OWID_CZS,10.81348,29.94037
Czechoslovakia,1958,OWID_CZS,10.9639,29.41469
Czechoslovakia,1959,OWID_CZS,11.55604,31.55763
Czechoslovakia,1960,OWID_CZS,12.72596,31.55822
Czechoslovakia,1961,OWID_CZS,11.09167,30.05474
Czechoslovakia,1962,OWID_CZS,11.16994,29.82165
Czechoslovakia,1963,OWID_CZS,11.31057,31.09758
Czechoslovakia,1964,OWID_CZS,10.94708,29.80415
Czechoslovakia,1965,OWID_CZS,11.00362,31.31145
Czechoslovakia,1966,OWID_CZS,11.71201,33.71492
Czechoslovakia,1967,OWID_CZS,11.84606,34.85952
Czechoslovakia,1968,OWID_CZS,12.51732,35.11474
Czechoslovakia,1969,OWID_CZS,11.04574,33.70097
Czechoslovakia,1970,OWID_CZS,12.01178,36.7509
Czechoslovakia,1971,OWID_CZS,10.85366,35.94737
Czechoslovakia,1972,OWID_CZS,11.36778,35.32833
Czechoslovakia,1973,OWID_CZS,9.913467,32.85426
Czechoslovakia,1974,OWID_CZS,10.03628,33.47021
Czechoslovakia,1975,OWID_CZS,9.9984,32.13456
Czechoslovakia,1976,OWID_CZS,9.454665,30.23492
Czechoslovakia,1977,OWID_CZS,8.85787,31.93786
Czechoslovakia,1978,OWID_CZS,9.647628,31.17116
Czechoslovakia,1979,OWID_CZS,8.442943,29.62473
Czechoslovakia,1980,OWID_CZS,8.96263,29.17159
Czechoslovakia,1981,OWID_CZS,8.35686,29.75902
Czechoslovakia,1982,OWID_CZS,8.420896,29.4701
Czechoslovakia,1983,OWID_CZS,7.684603,28.7247
Czechoslovakia,1984,OWID_CZS,7.789109,27.22851
Czechoslovakia,1985,OWID_CZS,7.603957,28.21199
Czechoslovakia,1986,OWID_CZS,8.296039,27.94246
Czechoslovakia,1987,OWID_CZS,7.126152,26.48314
Czechoslovakia,1988,OWID_CZS,7.823055,25.4025
Czechoslovakia,1989,OWID_CZS,7.449316,25.91082
Czechoslovakia,1990,OWID_CZS,7.312033,26.09548
Czechoslovakia,1991,OWID_CZS,6.509547,25.53351
Democratic Republic of Congo,2004,COD,7.275096893,22.83854675
Denmark,1951,DNK,14.27589,31.32044
Denmark,1952,DNK,13.60956,30.45185
Denmark,1953,DNK,14.99642,31.37524
Denmark,1954,DNK,14.17499,30.40771
Denmark,1955,DNK,13.67732,30.97018
Denmark,1956,DNK,13.69933,29.09921
Denmark,1957,DNK,13.39697,28.34923
Denmark,1958,DNK,12.22714,27.46453
Denmark,1959,DNK,12.22801,27.81066
Denmark,1960,DNK,12.29644,25.86381
Denmark,1961,DNK,10.22965,21.17315
Denmark,1962,DNK,12.1017,23.74335
Denmark,1963,DNK,11.66955,24.21169
Denmark,1964,DNK,13.73748,25.21853
Denmark,1965,DNK,13.10448,22.6092
Denmark,1966,DNK,10.9374,21.96172
Denmark,1967,DNK,10.3449,22.24749
Denmark,1968,DNK,13.05375,24.91305
Denmark,1969,DNK,13.89309,24.86479
Denmark,1970,DNK,13.90803,25.70774
Denmark,1971,DNK,16.16964,29.20166
Denmark,1972,DNK,15.63836,28.12346
Denmark,1973,DNK,16.18154,27.28619
Denmark,1974,DNK,15.7398,31.18245
Denmark,1975,DNK,16.26976,27.59382
Denmark,1976,DNK,15.06202,28.01597
Denmark,1977,DNK,15.28153,28.48381
Denmark,1978,DNK,16.32782,25.56833
Denmark,1979,DNK,17.30851,29.62135
Denmark,1980,DNK,19.64175,37.48591
Denmark,1981,DNK,18.21034,34.94788
Denmark,1982,DNK,18.18115,33.90575
Denmark,1983,DNK,16.89326,32.74146
Denmark,1984,DNK,17.36956,32.48964
Denmark,1985,DNK,17.33599,30.75394
Denmark,1986,DNK,16.5684,31.02541
Denmark,1987,DNK,16.34699,31.27021
Denmark,1988,DNK,14.99911,28.76131
Denmark,1989,DNK,15.84603,28.80078
Denmark,1990,DNK,12.48864,27.12779
Denmark,1991,DNK,11.45446,25.38968
Denmark,1992,DNK,11.56925,24.24527
Denmark,1993,DNK,11.54635,24.28328
Denmark,1994,DNK,8.818576,21.77519
Denmark,1995,DNK,8.247846,20.36607
Denmark,1996,DNK,7.469941,20.20683
Denmark,1997,DNK,7.441717,17.90091
Denmark,1998,DNK,6.114258,17.51659
Denmark,1999,DNK,5.802166,18.22346
Denmark,2000,DNK,5.379292,16.83931
Denmark,2001,DNK,5.794447,15.95645
Denmark,2002,DNK,4.873204,15.77691
Denmark,2003,DNK,4.299984,14.6668
Denmark,2004,DNK,5.689239,14.70355
Djibouti,2004,DJI,4.231966019,5.834711552
Dominica,2004,DMA,1.783265352,10.12273216
Dominican Republic,2004,DOM,2.461356163,10.59158802
East Germany,1973,OWID_GDR,19.24329,40.18268
East Germany,1974,OWID_GDR,20.03715,42.25063
East Germany,1989,OWID_GDR,11.11047,32.29626
East Germany,1990,OWID_GDR,9.880279,30.04755
Ecuador,2004,ECU,4.690472603,12.40048885
Egypt,1973,EGY,0.1022943,0.1149809
Egypt,1974,EGY,0.0326752,0.0971511
Egypt,1975,EGY,0.0822208,0.1955052
Egypt,1976,EGY,0.0929138,0.1452098
Egypt,1977,EGY,0.265601,0.4956282
Egypt,1978,EGY,0.1156929,0.3217689
Egypt,1979,EGY,0.1334831,0.265837
Egypt,1980,EGY,0.0244919,0.0607529
Egypt,1987,EGY,0.0503436,0.0837336
Egypt,2000,EGY,0.0398939,0.1180779
Egypt,2004,EGY,1.606142759,2.018912554
El Salvador,2004,SLV,4.166975021,13.28527927
Equatorial Guinea,2004,GNQ,7.129074574,13.45966053
Eritrea,2004,ERI,6.53256464,12.03790283
Estonia,1981,EST,14.60823,56.72746
Estonia,1982,EST,11.88938,51.00139
Estonia,1985,EST,9.958379,50.66416
Estonia,1986,EST,10.94282,42.33127
Estonia,1987,EST,8.646701,40.87221
Estonia,1988,EST,10.72386,36.93274
Estonia,1989,EST,12.25039,38.19986
Estonia,1990,EST,11.23726,40.95587
Estonia,1991,EST,9.974966,41.98287
Estonia,1992,EST,12.11447,50.07764
Estonia,1993,EST,12.47818,61.75784
Estonia,1994,EST,12.29944,67.70052
Estonia,1995,EST,12.85668,64.82578
Estonia,1996,EST,11.1046,62.50669
Estonia,1997,EST,9.307997,61.46761
Estonia,1998,EST,8.52366,56.36118
Estonia,1999,EST,9.188284,54.03889
Estonia,2000,EST,9.108438,41.37693
Estonia,2001,EST,8.350281,45.37378
Estonia,2002,EST,7.395526,43.11066
Estonia,2003,EST,6.736414,39.07565
Estonia,2004,EST,6.293787,37.54561
Ethiopia,2004,ETH,6.124103069,14.33747578
Fiji,2004,FJI,3.330704927,4.590774059
Finland,1952,FIN,6.338303,32.92299
Finland,1953,FIN,7.281992,31.18618
Finland,1954,FIN,7.707232,34.31158
Finland,1955,FIN,8.487377,35.88195
Finland,1956,FIN,9.074881,40.35818
Finland,1957,FIN,9.905864,38.2692
Finland,1958,FIN,9.75908,36.83294
Finland,1959,FIN,8.999933,35.11429
Finland,1960,FIN,8.933072,35.65968
Finland,1961,FIN,8.80759,36.19727
Finland,1962,FIN,9.858613,37.73875
Finland,1963,FIN,7.726057,33.52105
Finland,1964,FIN,9.401792,33.53411
Finland,1965,FIN,7.993702,34.50203
Finland,1966,FIN,8.920331,32.03278
Finland,1967,FIN,8.169849,34.32255
Finland,1968,FIN,9.504064,36.92916
Finland,1969,FIN,9.854064,39.26056
Finland,1970,FIN,8.769833,34.89272
Finland,1971,FIN,8.79709,35.09113
Finland,1972,FIN,9.229571,38.69162
Finland,1973,FIN,9.496243,36.93771
Finland,1974,FIN,9.784482,39.43605
Finland,1975,FIN,9.442504,39.36298
Finland,1976,FIN,9.485551,40.58097
Finland,1977,FIN,9.716622,40.01245
Finland,1978,FIN,8.877536,40.43987
Finland,1979,FIN,9.063207,38.42537
Finland,1980,FIN,9.321412,38.73922
Finland,1981,FIN,8.579315,36.34341
Finland,1982,FIN,9.323059,35.65261
Finland,1983,FIN,8.921499,36.87139
Finland,1984,FIN,8.673536,38.43419
Finland,1985,FIN,8.783978,37.23244
Finland,1986,FIN,10.10547,39.49035
Finland,1987,FIN,10.34389,40.41832
Finland,1988,FIN,10.0063,41.89508
Finland,1989,FIN,9.952428,42.59584
Finland,1990,FIN,10.87554,45.09116
Finland,1991,FIN,10.14119,44.28377
Finland,1992,FIN,10.12068,42.55037
Finland,1993,FIN,9.833062,40.26448
Finland,1994,FIN,10.38673,39.88553
Finland,1995,FIN,10.49015,38.98032
Finland,1996,FIN,9.45045,34.7587
Finland,1997,FIN,9.463944,37.41434
Finland,1998,FIN,8.779446,34.01262
Finland,1999,FIN,8.427931,34.14604
Finland,2000,FIN,9.725185,30.99912
Finland,2001,FIN,8.672476,32.66965
Finland,2002,FIN,8.663737,28.76064
Finland,2003,FIN,8.375106,28.25034
Finland,2004,FIN,8.453583,28.11936
France,1950,FRA,5.887676,22.18211
France,1952,FRA,5.894147,22.37906
France,1953,FRA,5.898882,22.27051
France,1954,FRA,6.149604,23.49871
France,1955,FRA,6.312592,22.88805
France,1956,FRA,7.245126,24.46199
France,1957,FRA,7.061091,22.904
France,1958,FRA,7.111049,23.08794
France,1959,FRA,7.370492,23.39717
France,1960,FRA,6.744084,22.44482
France,1961,FRA,6.47076,22.93389
France,1962,FRA,6.214105,21.7581
France,1963,FRA,6.490596,22.53988
France,1964,FRA,6.554833,21.36987
France,1965,FRA,6.369074,22.06558
France,1966,FRA,6.935515,22.50273
France,1967,FRA,6.853002,22.51647
France,1968,FRA,7.248062,21.4911
France,1969,FRA,7.167145,21.80194
France,1970,FRA,7.132113,21.40489
France,1971,FRA,7.327756,21.02992
France,1972,FRA,7.76903,21.90327
France,1973,FRA,7.306815,21.17506
France,1974,FRA,7.436042,21.22584
France,1975,FRA,7.545575,21.19529
France,1976,FRA,7.578704,21.18872
France,1977,FRA,8.381433,21.52999
France,1978,FRA,8.286058,22.80707
France,1979,FRA,8.803364,24.76836
France,1980,FRA,9.274755,25.44677
France,1981,FRA,9.157047,25.73259
France,1982,FRA,9.617654,27.47831
France,1983,FRA,9.992432,28.45543
France,1984,FRA,10.17096,28.73677
France,1985,FRA,10.40593,29.38595
France,1986,FRA,10.5879,29.63441
France,1987,FRA,10.09694,27.96375
France,1988,FRA,9.537703,26.52334
France,1989,FRA,9.432059,26.60711
France,1990,FRA,8.89199,25.78439
France,1991,FRA,8.930861,25.72661
France,1992,FRA,8.761019,26.14759
France,1993,FRA,9.271954,27.34009
France,1994,FRA,8.595119,27.0349
France,1995,FRA,8.586724,25.85716
France,1996,FRA,8.319171,24.45665
France,1997,FRA,8.143969,23.92196
France,1998,FRA,7.349611,23.11529
France,1999,FRA,7.474207,22.09909
France,2000,FRA,7.474487,23.39069
France,2001,FRA,7.268069,22.41779
France,2002,FRA,7.496887,22.44498
France,2003,FRA,7.259634,23.04079
France,2004,FRA,7.523865,22.19961
Gabon,2004,GAB,6.182321548,9.426732063
Gambia,2004,GMB,4.648649216,8.353575706
Georgia,1981,GEO,2.661158,10.49851
Georgia,1982,GEO,2.359338,8.221825
Georgia,1985,GEO,2.290122,6.979319
Georgia,1986,GEO,2.457144,6.713596
Georgia,1987,GEO,2.208648,6.365824
Georgia,1988,GEO,1.896613,6.671018
Georgia,1989,GEO,2.320746,6.791742
Georgia,1990,GEO,1.723654,5.492355
Georgia,1991,GEO,1.802185,5.381773
Georgia,1992,GEO,1.920067,6.691033
Georgia,1994,GEO,1.400695,4.890241
Georgia,1995,GEO,1.544716,6.330423
Georgia,1996,GEO,1.676831,7.206788
Georgia,1997,GEO,1.523687,7.287419
Georgia,1998,GEO,1.173226,5.439614
Georgia,1999,GEO,1.609125,6.903577
Georgia,2000,GEO,0.8593065,4.303044
Georgia,2001,GEO,0.7854481,2.974255
Georgia,2004,GEO,0.68989259,2.613620758
Germany,1990,DEU,7.40588,20.81387
Germany,1991,DEU,7.334742,20.90132
Germany,1992,DEU,6.838923,19.98319
Germany,1993,DEU,6.26495,19.0396
Germany,1994,DEU,6.08572,19.34351
Germany,1995,DEU,6.169956,19.36314
Germany,1996,DEU,5.904619,18.24104
Germany,1997,DEU,5.762719,18.34781
Germany,1998,DEU,5.249892,17.7443
Germany,1999,DEU,5.128614,16.64838
Germany,2000,DEU,4.887512,16.49776
Germany,2001,DEU,4.835307,16.53927
Germany,2002,DEU,4.956316,16.14433
Germany,2003,DEU,4.865662,16.07198
Germany,2004,DEU,4.446264,15.41693
Ghana,2004,GHA,5.580263615,7.063313007
Greece,1961,GRC,2.885454,5.927289
Greece,1962,GRC,2.425727,4.428364
Greece,1963,GRC,2.585252,5.01931
Greece,1964,GRC,1.71491,4.708868
Greece,1965,GRC,2.053422,4.482484
Greece,1966,GRC,2.242784,4.096068
Greece,1967,GRC,2.064633,4.684091
Greece,1968,GRC,1.805746,5.258846
Greece,1969,GRC,1.958511,4.823516
Greece,1970,GRC,1.663302,4.284171
Greece,1971,GRC,1.779856,4.533696
Greece,1972,GRC,1.318437,3.665449
Greece,1973,GRC,1.712468,3.755845
Greece,1974,GRC,2.089513,4.304948
Greece,1975,GRC,1.838597,3.294004
Greece,1976,GRC,1.664181,3.50562
Greece,1977,GRC,1.696307,4.309299
Greece,1978,GRC,1.44031,3.957107
Greece,1979,GRC,1.616824,3.583891
Greece,1980,GRC,1.517045,4.301425
Greece,1981,GRC,1.785452,4.24139
Greece,1982,GRC,1.8628,4.544026
Greece,1983,GRC,1.687741,5.077846
Greece,1984,GRC,1.950024,5.209984
Greece,1985,GRC,2.097203,5.071703
Greece,1986,GRC,1.643898,5.24479
Greece,1987,GRC,1.848962,5.286321
Greece,1988,GRC,1.7138,5.156341
Greece,1989,GRC,1.665641,5.02707
Greece,1990,GRC,1.262625,4.734638
Greece,1991,GRC,1.287541,4.979847
Greece,1992,GRC,1.085906,4.566751
Greece,1993,GRC,1.538909,5.123562
Greece,1994,GRC,1.027133,4.603834
Greece,1995,GRC,0.9652933,4.981235
Greece,1996,GRC,0.8616472,4.707526
Greece,1997,GRC,0.7926515,5.209034
Greece,1998,GRC,1.318808,4.837743
Greece,1999,GRC,1.221455,4.628674
Greece,2000,GRC,1.229001,4.643847
Greece,2001,GRC,0.6871724,4.372579
Greece,2002,GRC,0.889488,3.75316
Greece,2003,GRC,1.048374,4.567214
Greece,2004,GRC,0.9383833,4.16287
Grenada,2004,GRD,0.343973368,7.362030983
Guatemala,1963,GTM,0.3510816,7.147273
Guatemala,1964,GTM,0.9152728,6.164508
Guatemala,1965,GTM,0.497628,6.440361
Guatemala,1966,GTM,0.3507546,5.178927
Guatemala,1967,GTM,1.054271,8.520576
Guatemala,1968,GTM,2.715208,7.323934
Guatemala,1969,GTM,1.308517,5.571596
Guatemala,1970,GTM,0.9226225,7.060984
Guatemala,1971,GTM,1.831857,7.08713
Guatemala,1977,GTM,0.0757692,
Guatemala,1979,GTM,0.3456988,3.080571
Guatemala,1980,GTM,0.5256463,2.639829
Guatemala,1981,GTM,0.0820086,1.346651
Guatemala,1984,GTM,0.2678788,1.537492
Guatemala,1986,GTM,1.022552,5.346683
Guatemala,1987,GTM,1.700646,5.905004
Guatemala,1988,GTM,0.8226081,4.59584
Guatemala,1989,GTM,0.8325154,3.981843
Guatemala,1990,GTM,0.7111649,3.93206
Guatemala,1991,GTM,0.8570762,3.784978
Guatemala,1992,GTM,1.093902,4.111893
Guatemala,1993,GTM,0.7572162,4.049012
Guatemala,1994,GTM,0.4675907,3.246903
Guatemala,1995,GTM,1.151244,4.400336
Guatemala,1996,GTM,0.719579,3.673022
Guatemala,1997,GTM,0.9284606,3.540285
Guatemala,1998,GTM,0.9521694,3.993678
Guatemala,1999,GTM,0.833605,4.876319
Guatemala,2000,GTM,0.748291,3.327062
Guatemala,2001,GTM,0.9213251,3.707146
Guatemala,2002,GTM,1.296,4.648741
Guatemala,2003,GTM,0.9491554,4.535077
Guatemala,2004,GTM,1.167424,3.874187
Guinea,2004,GIN,5.431053638,9.628465652
Guinea-Bissau,2004,GNB,4.794747829,10.65297794
Guyana,2004,GUY,21.24728584,50.07269669
Haiti,2004,HTI,1.005262375,2.085222006
Honduras,2004,HND,4.775053024,9.465991974
Hungary,1955,HUN,12.69632,29.80989
Hungary,1956,HUN,11.16879,28.8267
Hungary,1957,HUN,12.20223,31.86793
Hungary,1958,HUN,13.77872,33.81632
Hungary,1959,HUN,13.85482,37.93184
Hungary,1960,HUN,13.98831,35.64537
Hungary,1961,HUN,13.99279,36.41035
Hungary,1962,HUN,13.61258,35.4479
Hungary,1963,HUN,15.26564,37.48655
Hungary,1964,HUN,15.11467,40.13111
Hungary,1965,HUN,15.81352,41.3657
Hungary,1966,HUN,15.64082,40.384
Hungary,1967,HUN,15.6902,43.31554
Hungary,1968,HUN,15.97417,46.6862
Hungary,1969,HUN,15.77956,45.46218
Hungary,1970,HUN,15.99266,47.39413
Hungary,1971,HUN,17.12012,48.45286
Hungary,1972,HUN,17.37899,49.40269
Hungary,1973,HUN,16.99369,49.3895
Hungary,1974,HUN,18.6133,53.98055
Hungary,1975,HUN,17.40216,51.09961
Hungary,1976,HUN,18.89012,52.82116
Hungary,1977,HUN,19.96113,50.7207
Hungary,1978,HUN,21.01015,55.56526
Hungary,1979,HUN,20.91629,58.49247
Hungary,1980,HUN,21.00696,59.33003
Hungary,1981,HUN,22.75861,58.30769
Hungary,1982,HUN,20.2928,56.75191
Hungary,1983,HUN,20.97707,61.19543
Hungary,1984,HUN,19.90151,61.69685
Hungary,1985,HUN,17.93445,61.04953
Hungary,1986,HUN,20.27017,59.7834
Hungary,1987,HUN,19.99391,59.69981
Hungary,1988,HUN,20.06003,52.35113
Hungary,1989,HUN,17.6153,55.20204
Hungary,1990,HUN,16.15175,53.53568
Hungary,1991,HUN,15.35198,51.6224
Hungary,1992,HUN,14.68765,52.8314
Hungary,1993,HUN,13.48357,48.6875
Hungary,1994,HUN,12.38292,48.54348
Hungary,1995,HUN,11.98233,43.73508
Hungary,1996,HUN,11.87498,44.25144
Hungary,1997,HUN,10.7454,41.93054
Hungary,1998,HUN,10.44197,43.28421
Hungary,1999,HUN,10.64106,45.66346
Hungary,2000,HUN,10.67224,43.9828
Hungary,2001,HUN,9.227195,39.56583
Hungary,2002,HUN,8.776537,38.08537
Hungary,2003,HUN,8.222026,36.93882
Hungary,2004,HUN,8.70322,35.98394
Iceland,2004,ISL,5.842729092,16.97234535
India,2004,IND,14.30644226,22.67622375
Indonesia,2004,IDN,9.29459095,13.73718452
Iran,2004,IRN,5.179065228,6.884473324
Iraq,2004,IRQ,8.3937397,25.53655815
Ireland,1950,IRL,0.8519407,4.257815
Ireland,1951,IRL,1.147528,4.003328
Ireland,1952,IRL,0.8795826,3.379071
Ireland,1953,IRL,0.8431673,3.312277
Ireland,1954,IRL,0.7177907,3.295372
Ireland,1955,IRL,1.028455,3.693148
Ireland,1956,IRL,0.8246769,4.446795
Ireland,1957,IRL,1.061786,3.893486
Ireland,1958,IRL,1.196178,4.123925
Ireland,1959,IRL,1.156083,3.956746
Ireland,1960,IRL,1.646138,4.069189
Ireland,1961,IRL,1.351529,5.203468
Ireland,1962,IRL,0.8145017,2.9876
Ireland,1963,IRL,1.372869,3.79027
Ireland,1964,IRL,0.6879103,3.54006
Ireland,1965,IRL,0.4480566,3.147818
Ireland,1966,IRL,1.147462,3.492746
Ireland,1967,IRL,1.278857,3.72761
Ireland,1968,IRL,1.159696,4.147193
Ireland,1969,IRL,0.9921009,2.67232
Ireland,1970,IRL,0.5851788,3.140356
Ireland,1971,IRL,1.637786,4.504058
Ireland,1972,IRL,1.837284,4.594031
Ireland,1973,IRL,2.035601,5.228618
Ireland,1974,IRL,1.915172,6.608761
Ireland,1975,IRL,3.126245,7.340617
Ireland,1976,IRL,3.551923,8.450701
Ireland,1977,IRL,3.664815,6.463584
Ireland,1978,IRL,3.678854,7.106894
Ireland,1979,IRL,3.02496,8.901459
Ireland,1980,IRL,4.751621,9.243445
Ireland,1981,IRL,4.323764,10.07419
Ireland,1982,IRL,3.911616,10.92324
Ireland,1983,IRL,4.951054,12.13038
Ireland,1984,IRL,4.182046,9.854288
Ireland,1985,IRL,3.596939,12.77354
Ireland,1986,IRL,4.133846,12.74405
Ireland,1987,IRL,3.492118,10.98195
Ireland,1988,IRL,4.315279,11.45554
Ireland,1989,IRL,3.673987,12.67582
Ireland,1990,IRL,4.983715,15.01642
Ireland,1991,IRL,3.663033,16.62988
Ireland,1992,IRL,3.235636,17.709
Ireland,1993,IRL,3.840218,14.81147
Ireland,1994,IRL,4.877121,17.2518
Ireland,1995,IRL,4.634556,17.80962
Ireland,1996,IRL,3.451479,19.13942
Ireland,1997,IRL,4.644797,20.39075
Ireland,1998,IRL,3.808829,22.60519
Ireland,1999,IRL,4.180132,17.90702
Ireland,2000,IRL,4.057105,19.55845
Ireland,2001,IRL,3.919842,20.49142
Ireland,2002,IRL,3.920538,17.99144
Ireland,2003,IRL,4.490198,17.11528
Ireland,2004,IRL,3.41769,18.39432
Israel,1975,ISR,7.104736,9.721979
Israel,1976,ISR,5.999494,10.23713
Israel,1977,ISR,5.092841,9.466992
Israel,1978,ISR,5.041726,7.473373
Israel,1979,ISR,4.918262,10.13976
Israel,1980,ISR,4.146507,9.003123
Israel,1981,ISR,4.065509,7.551185
Israel,1982,ISR,4.224372,7.172948
Israel,1983,ISR,4.039836,9.083196
Israel,1984,ISR,3.747314,8.202235
Israel,1985,ISR,3.690757,8.362223
Israel,1986,ISR,4.69941,9.488293
Israel,1987,ISR,3.622077,9.961658
Israel,1988,ISR,4.246885,10.92935
Israel,1989,ISR,4.53929,12.22323
Israel,1990,ISR,3.713322,10.51637
Israel,1991,ISR,3.96209,11.64511
Israel,1992,ISR,4.04869,11.78218
Israel,1993,ISR,3.676736,11.1531
Israel,1994,ISR,4.021978,12.14614
Israel,1995,ISR,3.420748,10.02298
Israel,1996,ISR,2.505053,8.548947
Israel,1997,ISR,2.420717,10.8282
Israel,1998,ISR,2.555491,8.452549
Israel,1999,ISR,2.140876,10.25614
Israel,2000,ISR,2.617903,10.1516
Israel,2001,ISR,2.144401,10.45698
Israel,2002,ISR,2.672714,9.318308
Israel,2003,ISR,2.055687,10.95199
Israel,2004,ISR,2.572143,9.827754
Italy,1951,ITA,3.403254,10.56834
Italy,1952,ITA,3.411496,9.419112
Italy,1953,ITA,3.762159,9.245553
Italy,1954,ITA,3.424151,8.714149
Italy,1955,ITA,3.538924,9.726276
Italy,1956,ITA,3.559867,9.809807
Italy,1957,ITA,3.571236,9.338222
Italy,1958,ITA,3.459091,8.800449
Italy,1959,ITA,3.471756,8.862763
Italy,1960,ITA,3.44536,8.415583
Italy,1961,ITA,3.123026,7.635857
Italy,1962,ITA,2.932354,7.558838
Italy,1963,ITA,2.96182,7.125845
Italy,1964,ITA,2.867537,7.526105
Italy,1965,ITA,2.884943,7.641454
Italy,1966,ITA,2.762205,7.119586
Italy,1967,ITA,2.915639,7.635119
Italy,1968,ITA,2.851062,7.370347
Italy,1969,ITA,3.004217,7.380798
Italy,1970,ITA,3.126643,7.639218
Italy,1971,ITA,3.277322,7.915759
Italy,1972,ITA,3.193547,7.756282
Italy,1973,ITA,2.919297,7.658402
Italy,1974,ITA,3.024318,6.800586
Italy,1975,ITA,2.959525,7.211964
Italy,1976,ITA,2.989021,7.248129
Italy,1977,ITA,3.151382,8.112815
Italy,1978,ITA,3.165382,8.449119
Italy,1979,ITA,3.547825,8.912259
Italy,1980,ITA,3.782305,9.027985
Italy,1981,ITA,3.317748,8.725601
Italy,1982,ITA,3.507519,9.486133
Italy,1983,ITA,3.411837,9.647466
Italy,1984,ITA,3.606211,9.777494
Italy,1985,ITA,3.607491,10.40558
Italy,1986,ITA,3.607199,10.08643
Italy,1987,ITA,3.184254,9.914082
Italy,1988,ITA,3.258729,9.319981
Italy,1989,ITA,3.138868,9.314838
Italy,1990,ITA,3.135413,9.345504
Italy,1991,ITA,3.152732,9.380347
Italy,1992,ITA,3.063648,9.862364
Italy,1993,ITA,2.962984,10.31449
Italy,1994,ITA,2.843028,9.949718
Italy,1995,ITA,2.829177,9.913965
Italy,1996,ITA,3.056394,10.01252
Italy,1997,ITA,2.875446,10.06849
Italy,1998,ITA,2.616057,9.703516
Italy,1999,ITA,2.522697,8.712358
Italy,2000,ITA,2.567187,8.631232
Italy,2001,ITA,2.386306,8.530973
Italy,2002,ITA,2.270674,8.725682
Italy,2003,ITA,2.393229,8.375617
Italy,2004,ITA,2.270322323,8.633946419
Jamaica,2004,JAM,2.366206169,6.62351799
Japan,1950,JPN,18.59102,31.45158
Japan,1951,JPN,17.54239,27.70041
Japan,1952,JPN,17.70802,27.01533
Japan,1953,JPN,18.70844,29.35856
Japan,1954,JPN,19.78119,33.76961
Japan,1955,JPN,20.92908,35.86554
Japan,1956,JPN,21.07244,34.07982
Japan,1957,JPN,20.5632,33.22283
Japan,1958,JPN,21.98324,34.02403
Japan,1959,JPN,19.97823,29.81942
Japan,1960,JPN,19.14574,27.69466
Japan,1961,JPN,17.79087,24.9089
Japan,1962,JPN,15.54236,22.75598
Japan,1963,JPN,13.9991,21.05968
Japan,1964,JPN,13.43369,19.49205
Japan,1965,JPN,12.77739,19.2796
Japan,1966,JPN,13.45667,19.15462
Japan,1967,JPN,12.42193,17.67402
Japan,1968,JPN,12.68101,17.8174
Japan,1969,JPN,12.70211,17.68238
Japan,1970,JPN,13.086,18.47334
Japan,1971,JPN,13.03017,18.70253
Japan,1972,JPN,13.86707,20.30243
Japan,1973,JPN,14.20149,20.90846
Japan,1974,JPN,14.47614,20.67025
Japan,1975,JPN,13.86057,21.86653
Japan,1976,JPN,13.31338,21.39705
Japan,1977,JPN,12.90554,22.09973
Japan,1978,JPN,12.39004,21.96293
Japan,1979,JPN,12.38469,22.31732
Japan,1980,JPN,11.75796,21.80097
Japan,1981,JPN,10.92085,21.24925
Japan,1982,JPN,10.8324,21.64479
Japan,1983,JPN,11.59852,27.17256
Japan,1984,JPN,11.28145,25.70048
Japan,1985,JPN,10.91748,23.95406
Japan,1986,JPN,12.34518,25.33022
Japan,1987,JPN,11.12482,23.01839
Japan,1988,JPN,10.79308,21.18935
Japan,1989,JPN,10.15297,18.92735
Japan,1990,JPN,9.448299,17.74604
Japan,1991,JPN,8.853615,17.65038
Japan,1992,JPN,8.678051,18.8061
Japan,1993,JPN,8.09518,18.57446
Japan,1994,JPN,7.945656,19.17557
Japan,1995,JPN,8.228492,19.12862
Japan,1996,JPN,8.221194,19.65229
Japan,1997,JPN,8.525414,20.748
Japan,1998,JPN,10.53238,28.77222
Japan,1999,JPN,10.07857,28.70927
Japan,2000,JPN,9.527674,27.44144
Japan,2001,JPN,9.240021,26.51388
Japan,2002,JPN,9.138422,27.18034
Japan,2003,JPN,9.884797,29.66257
Japan,2004,JPN,9.467574,27.8544
Jordan,2004,JOR,0.107823528,0.283630043
Kazakhstan,1981,KAZ,10.70737,43.73993
Kazakhstan,1982,KAZ,9.850085,43.36837
Kazakhstan,1985,KAZ,10.27528,43.08025
Kazakhstan,1986,KAZ,8.818217,30.60717
Kazakhstan,1987,KAZ,8.599585,30.14775
Kazakhstan,1988,KAZ,8.853513,31.31172
Kazakhstan,1989,KAZ,9.610785,36.04646
Kazakhstan,1990,KAZ,9.613778,34.24866
Kazakhstan,1991,KAZ,8.350544,32.9904
Kazakhstan,1992,KAZ,9.367308,35.02348
Kazakhstan,1993,KAZ,9.806592,43.27874
Kazakhstan,1994,KAZ,9.40272,45.19965
Kazakhstan,1995,KAZ,9.738996,54.65893
Kazakhstan,1996,KAZ,9.888084,57.25686
Kazakhstan,1997,KAZ,9.658834,55.88801
Kazakhstan,1998,KAZ,9.566568,54.42282
Kazakhstan,1999,KAZ,8.703578,50.25275
Kazakhstan,2001,KAZ,8.500433,55.28642
Kazakhstan,2002,KAZ,8.623614,52.35789
Kazakhstan,2003,KAZ,8.66642,52.60995
Kazakhstan,2004,KAZ,8.599231,51.95907
Kenya,2004,KEN,7.663258076,14.45754814
Kuwait,1972,KWT,0.2315013,0.3662237
Kuwait,1975,KWT,0.2027273,0.7020963
Kuwait,1976,KWT,0.1818349,0.199697
Kuwait,1977,KWT,,0.5481814
Kuwait,1978,KWT,0.7486228,1.576248
Kuwait,1979,KWT,,0.5554316
Kuwait,1980,KWT,0.4587432,1.150244
Kuwait,1981,KWT,1.228961,1.03524
Kuwait,1982,KWT,0.1885224,0.0958275
Kuwait,1983,KWT,0.2795371,0.5089404
Kuwait,1984,KWT,0.6097794,0.6880475
Kuwait,1985,KWT,0.3615558,1.531896
Kuwait,1986,KWT,0.4981179,1.000153
Kuwait,1987,KWT,1.079387,0.9669989
Kuwait,1993,KWT,0.8018389,1.402896
Kuwait,1994,KWT,1.649444,1.290962
Kuwait,1995,KWT,0.7495468,1.831903
Kuwait,1996,KWT,1.267969,1.579613
Kuwait,1997,KWT,2.075491,1.331465
Kuwait,1998,KWT,1.519149,1.152141
Kuwait,1999,KWT,1.15032,1.761245
Kuwait,2000,KWT,1.210588,1.265265
Kuwait,2001,KWT,0.7647457,1.369139
Kuwait,2002,KWT,1.27791,1.756376
Kuwait,2004,KWT,1.153894782,1.716213107
Kyrgyzstan,1981,KGZ,7.50064,28.58997
Kyrgyzstan,1982,KGZ,6.34895,29.45564
Kyrgyzstan,1985,KGZ,7.063722,24.69476
Kyrgyzstan,1986,KGZ,5.368869,18.85769
Kyrgyzstan,1987,KGZ,7.401427,22.1455
Kyrgyzstan,1988,KGZ,6.957907,22.76744
Kyrgyzstan,1989,KGZ,7.492762,24.00299
Kyrgyzstan,1990,KGZ,7.92241,25.39453
Kyrgyzstan,1991,KGZ,7.180477,24.91979
Kyrgyzstan,1992,KGZ,5.318038,23.53008
Kyrgyzstan,1993,KGZ,6.514298,27.44796
Kyrgyzstan,1994,KGZ,4.828927,29.95315
Kyrgyzstan,1995,KGZ,7.441998,28.3238
Kyrgyzstan,1996,KGZ,4.41672,23.81844
Kyrgyzstan,1997,KGZ,4.538289,23.19876
Kyrgyzstan,1998,KGZ,4.220627,22.62856
Kyrgyzstan,1999,KGZ,4.674402,23.91368
Kyrgyzstan,2000,KGZ,4.435472,21.69134
Kyrgyzstan,2001,KGZ,3.433721,23.63354
Kyrgyzstan,2002,KGZ,4.70046,22.53675
Kyrgyzstan,2003,KGZ,3.463841,19.15894
Kyrgyzstan,2004,KGZ,3.090236,17.17582
Laos,2004,LAO,23.7233696,29.02600861
Latvia,1980,LVA,11.88666,51.12757
Latvia,1981,LVA,10.81198,54.29832
Latvia,1982,LVA,12.86586,51.78666
Latvia,1983,LVA,11.15093,52.43972
Latvia,1984,LVA,11.39347,53.00053
Latvia,1985,LVA,10.6231,45.49139
Latvia,1986,LVA,8.832312,38.77306
Latvia,1987,LVA,10.62801,32.40071
Latvia,1988,LVA,9.422872,34.17647
Latvia,1989,LVA,11.68672,36.23455
Latvia,1990,LVA,8.305492,41.49391
Latvia,1991,LVA,9.872416,43.92165
Latvia,1992,LVA,11.43828,54.53308
Latvia,1993,LVA,13.42937,67.03622
Latvia,1994,LVA,11.25131,65.94627
Latvia,1995,LVA,11.79434,64.98832
Latvia,1996,LVA,10.75871,58.97634
Latvia,1997,LVA,10.56331,56.41026
Latvia,1998,LVA,10.02606,54.36982
Latvia,1999,LVA,10.01683,47.12212
Latvia,2000,LVA,8.682847,50.59778
Latvia,2002,LVA,8.689015,43.02149
Latvia,2003,LVA,7.310288,39.45029
Latvia,2004,LVA,6.048817,36.66391
Lebanon,2004,LBN,5.278940678,6.463245392
Lesotho,2004,LSO,5.889326096,10.65846539
Liberia,2004,LBR,3.77520299,10.86085796
Libya,2004,LBY,4.159276009,5.09806776
Lithuania,1981,LTU,9.391936,59.5271
Lithuania,1982,LTU,10.94309,57.98292
Lithuania,1985,LTU,11.62064,57.3445
Lithuania,1986,LTU,8.948446,41.92893
Lithuania,1987,LTU,9.742769,48.08079
Lithuania,1988,LTU,10.22528,41.86627
Lithuania,1989,LTU,8.518539,45.26484
Lithuania,1990,LTU,8.18327,43.23142
Lithuania,1991,LTU,10.01307,51.08331
Lithuania,1992,LTU,11.65289,56.6729
Lithuania,1993,LTU,12.01923,72.05504
Lithuania,1994,LTU,11.82504,80.42894
Lithuania,1995,LTU,13.48254,77.84416
Lithuania,1996,LTU,14.54227,78.36723
Lithuania,1997,LTU,12.66714,76.52863
Lithuania,1998,LTU,11.8952,72.58926
Lithuania,1999,LTU,11.7318,73.37201
Lithuania,2000,LTU,13.98588,75.07941
Lithuania,2001,LTU,12.04878,71.12936
Lithuania,2002,LTU,10.12422,74.2965
Lithuania,2003,LTU,11.06494,67.59232
Lithuania,2004,LTU,11.23422,63.30873
Luxembourg,2004,LUX,5.768095493,19.57855034
Macedonia,1991,MKD,5.264551,10.34967
Macedonia,1992,MKD,5.215999,9.974013
Macedonia,1993,MKD,5.450121,10.00163
Macedonia,1994,MKD,4.786742,8.331466
Macedonia,1995,MKD,4.383663,8.760571
Macedonia,1996,MKD,4.035392,10.43821
Macedonia,1997,MKD,3.823972,11.31281
Macedonia,1998,MKD,5.2374,9.417238
Macedonia,1999,MKD,4.723891,11.20772
Macedonia,2000,MKD,4.055635,9.676953
Macedonia,2001,MKD,3.230196,10.42244
Macedonia,2002,MKD,4.228063,9.458357
Macedonia,2003,MKD,3.42506,8.966763
Macedonia,2004,MKD,3.403936386,12.57811737
Madagascar,2004,MDG,4.220290184,7.469148636
Malawi,2004,MWI,6.541824818,14.21405125
Malaysia,2004,MYS,5.219151974,11.24002647
Maldives,2004,MDV,19.88921928,24.83204079
Mali,2004,MLI,5.074855328,12.14257908
Malta,2004,MLT,2.803545952,6.397085667
Marshall Islands,2004,MHL,7.016569614,7.452305794
Mauritania,2004,MRT,4.997253418,8.99184227
Mauritius,1961,MUS,0.8261023,8.109496
Mauritius,1962,MUS,0.9853638,4.714847
Mauritius,1963,MUS,0.6893913,6.914414
Mauritius,1964,MUS,1.376559,6.4175
Mauritius,1965,MUS,0.7797109,9.672784
Mauritius,1966,MUS,2.230799,8.486679
Mauritius,1967,MUS,1.89526,5.040606
Mauritius,1968,MUS,1.699673,4.105849
Mauritius,1969,MUS,0.234245,3.315053
Mauritius,1970,MUS,0.8703529,3.976964
Mauritius,1971,MUS,2.449282,7.430753
Mauritius,1972,MUS,1.042842,4.729221
Mauritius,1973,MUS,4.143795,12.32525
Mauritius,1974,MUS,2.354944,7.918767
Mauritius,1975,MUS,4.791313,12.88013
Mauritius,1976,MUS,5.306667,8.530642
Mauritius,1977,MUS,3.497532,9.382297
Mauritius,1978,MUS,3.660588,13.34285
Mauritius,1979,MUS,3.85744,12.43535
Mauritius,1980,MUS,,6.507028
Mauritius,1981,MUS,1.682621,2.273843
Mauritius,1982,MUS,0.7379744,3.131053
Mauritius,1983,MUS,1.874342,1.766145
Mauritius,1984,MUS,9.486123,15.18018
Mauritius,1985,MUS,7.364926,14.71901
Mauritius,1986,MUS,1.337873,3.849217
Mauritius,1987,MUS,10.09053,18.45087
Mauritius,1988,MUS,10.14206,24.74358
Mauritius,1989,MUS,7.237272,22.54805
Mauritius,1990,MUS,10.16941,19.33844
Mauritius,1991,MUS,8.037538,18.88888
Mauritius,1992,MUS,8.41322,20.53346
Mauritius,1993,MUS,8.027224,18.11204
Mauritius,1994,MUS,3.82664,19.3467
Mauritius,1995,MUS,6.123081,22.02524
Mauritius,1996,MUS,6.467022,21.04854
Mauritius,1997,MUS,3.519147,18.15487
Mauritius,1998,MUS,6.959721,19.75582
Mauritius,1999,MUS,8.945867,19.72894
Mauritius,2000,MUS,4.995429,18.36972
Mauritius,2001,MUS,6.136876,13.11333
Mauritius,2002,MUS,4.66105,17.32174
Mauritius,2003,MUS,3.985688,10.97633
Mauritius,2004,MUS,3.52988,12.40219
Mexico,1955,MEX,0.7036235,2.442184
Mexico,1956,MEX,1.010261,3.054957
Mexico,1957,MEX,1.000293,3.093501
Mexico,1958,MEX,1.090594,3.744399
Mexico,1959,MEX,1.153708,4.117249
Mexico,1960,MEX,1.267063,3.810233
Mexico,1961,MEX,0.9837637,3.786989
Mexico,1962,MEX,0.7359514,3.753606
Mexico,1963,MEX,1.070004,3.94489
Mexico,1964,MEX,1.06657,3.859069
Mexico,1965,MEX,1.139985,3.520888
Mexico,1966,MEX,1.055895,3.498576
Mexico,1967,MEX,1.275057,4.198729
Mexico,1968,MEX,0.8262541,3.522933
Mexico,1969,MEX,0.2955154,1.750028
Mexico,1970,MEX,0.5537056,2.704732
Mexico,1971,MEX,0.3251885,1.672822
Mexico,1972,MEX,0.3462555,1.668862
Mexico,1973,MEX,0.3002614,1.54622
Mexico,1974,MEX,0.9812592,4.694814
Mexico,1975,MEX,0.7468019,3.877176
Mexico,1976,MEX,0.7708514,3.485934
Mexico,1977,MEX,0.8056478,4.002292
Mexico,1978,MEX,0.8383937,3.61315
Mexico,1979,MEX,0.7557345,3.385037
Mexico,1980,MEX,0.6704537,2.958694
Mexico,1981,MEX,0.8834986,3.611081
Mexico,1982,MEX,0.8242058,3.569586
Mexico,1983,MEX,0.7340415,3.16798
Mexico,1984,MEX,0.4477717,2.735613
Mexico,1985,MEX,0.7602599,4.388904
Mexico,1986,MEX,0.7355883,4.931581
Mexico,1987,MEX,0.8270538,4.761468
Mexico,1988,MEX,0.7707267,4.675809
Mexico,1989,MEX,0.8070925,5.103009
Mexico,1990,MEX,0.7400703,5.159819
Mexico,1991,MEX,0.8179485,5.271922
Mexico,1992,MEX,0.850549,5.644625
Mexico,1993,MEX,0.8181823,5.828907
Mexico,1994,MEX,0.9178948,6.185221
Mexico,1995,MEX,0.9948026,6.563968
Mexico,1996,MEX,1.055193,6.434082
Mexico,1997,MEX,1.104328,6.783051
Mexico,1998,MEX,1.03723,6.607656
Mexico,1999,MEX,1.020981,6.469207
Mexico,2000,MEX,1.06394,6.586875
Mexico,2001,MEX,1.325666,6.934207
Mexico,2002,MEX,1.274557,6.927197
Mexico,2003,MEX,1.343468,7.313923
Mexico,2004,MEX,1.295992,7.273506
Micronesia,2004,FSM,4.526386261,4.994344711
Moldova,1981,MDA,10.5142,31.79197
Moldova,1982,MDA,10.14406,33.56363
Moldova,1985,MDA,9.151825,34.78332
Moldova,1986,MDA,9.944036,29.58637
Moldova,1987,MDA,9.799662,25.8159
Moldova,1988,MDA,8.88693,26.58922
Moldova,1989,MDA,8.246838,28.17586
Moldova,1990,MDA,6.287681,25.35026
Moldova,1991,MDA,8.331331,27.13063
Moldova,1992,MDA,6.45459,27.22224
Moldova,1993,MDA,6.722978,28.77981
Moldova,1994,MDA,7.346989,31.21967
Moldova,1995,MDA,7.698922,31.1594
Moldova,1996,MDA,5.795405,31.53888
Moldova,1997,MDA,5.846859,30.08745
Moldova,1998,MDA,5.669214,27.69531
Moldova,1999,MDA,4.727281,28.15378
Moldova,2000,MDA,3.701661,26.76741
Moldova,2001,MDA,4.849782,29.66905
Moldova,2002,MDA,4.689592,27.17534
Moldova,2003,MDA,4.040868,29.75085
Moldova,2004,MDA,4.56739,27.48099
Monaco,2004,MCO,6.649781227,16.13042831
Mongolia,2004,MNG,5.467162132,21.09290123
Morocco,2004,MAR,2.103894472,2.114463806
Mozambique,2004,MOZ,7.518768787,14.27197266
Myanmar,2004,MMR,8.503791809,11.88899899
Namibia,2004,NAM,6.017440796,10.43633842
Nauru,2004,NRU,7.383360386,
Nepal,2004,NPL,11.0800848,12.46957016
Netherlands,1950,NLD,3.744579,8.039651
Netherlands,1951,NLD,4.227506,8.482972
Netherlands,1952,NLD,4.422934,8.698343
Netherlands,1953,NLD,4.562708,9.010217
Netherlands,1954,NLD,4.202166,8.812166
Netherlands,1955,NLD,4.493865,7.916481
Netherlands,1956,NLD,4.742193,7.391158
Netherlands,1957,NLD,5.203328,7.700355
Netherlands,1958,NLD,4.85878,8.729427
Netherlands,1959,NLD,5.18896,8.965101
Netherlands,1960,NLD,4.930501,8.495128
Netherlands,1961,NLD,4.54734,8.769533
Netherlands,1962,NLD,5.07273,8.121627
Netherlands,1963,NLD,4.33125,8.018279
Netherlands,1964,NLD,4.747222,8.375566
Netherlands,1965,NLD,4.985938,8.748899
Netherlands,1966,NLD,5.025103,9.091191
Netherlands,1967,NLD,4.292456,8.141103
Netherlands,1968,NLD,4.444892,7.997426
Netherlands,1969,NLD,5.425861,9.161488
Netherlands,1970,NLD,5.844768,9.999104
Netherlands,1971,NLD,6.256476,9.85916
Netherlands,1972,NLD,6.132082,10.01003
Netherlands,1973,NLD,7.13018,9.965838
Netherlands,1974,NLD,7.009837,10.98987
Netherlands,1975,NLD,6.755897,10.67603
Netherlands,1976,NLD,6.569001,11.74353
Netherlands,1977,NLD,6.404231,11.35804
Netherlands,1978,NLD,7.609007,10.81731
Netherlands,1979,NLD,8.34603,11.42149
Netherlands,1980,NLD,6.768595,12.25749
Netherlands,1981,NLD,7.055374,11.62244
Netherlands,1982,NLD,7.512334,12.28275
Netherlands,1983,NLD,8.236408,13.58843
Netherlands,1984,NLD,8.413709,14.05566
Netherlands,1985,NLD,7.089713,13.42081
Netherlands,1986,NLD,7.230734,12.60984
Netherlands,1987,NLD,7.297407,12.37732
Netherlands,1988,NLD,6.42893,11.90292
Netherlands,1989,NLD,6.523096,11.62136
Netherlands,1990,NLD,6.01471,10.99034
Netherlands,1991,NLD,6.40885,12.30201
Netherlands,1992,NLD,6.017884,12.19641
Netherlands,1993,NLD,5.763029,11.95048
Netherlands,1994,NLD,5.500875,12.48828
Netherlands,1995,NLD,5.538633,11.48045
Netherlands,1996,NLD,5.657825,11.84606
Netherlands,1997,NLD,5.608297,12.00938
Netherlands,1998,NLD,5.297546,11.37566
Netherlands,1999,NLD,5.338056,11.32623
Netherlands,2000,NLD,5.102808,11.08765
Netherlands,2001,NLD,4.81331,10.94884
Netherlands,2002,NLD,5.074299,11.49452
Netherlands,2003,NLD,4.740516,10.90696
Netherlands,2004,NLD,4.820316,10.90343
New Zealand,1950,NZL,4.481789,13.89064
New Zealand,1951,NZL,4.672656,14.91607
New Zealand,1952,NZL,5.083133,15.44309
New Zealand,1953,NZL,5.456119,14.08076
New Zealand,1954,NZL,4.08312,13.28927
New Zealand,1955,NZL,4.86399,13.36108
New Zealand,1956,NZL,6.256191,12.77258
New Zealand,1957,NZL,5.678879,14.48438
New Zealand,1958,NZL,5.049273,15.47747
New Zealand,1959,NZL,4.172358,14.46098
New Zealand,1960,NZL,5.637225,15.0164
New Zealand,1961,NZL,4.213583,13.98603
New Zealand,1962,NZL,5.705343,12.55061
New Zealand,1963,NZL,7.09114,13.5933
New Zealand,1964,NZL,6.523703,10.69769
New Zealand,1965,NZL,6.486658,13.44075
New Zealand,1966,NZL,7.067789,12.77665
New Zealand,1967,NZL,6.267512,15.63173
New Zealand,1968,NZL,6.611498,14.34453
New Zealand,1969,NZL,7.370731,14.42566
New Zealand,1970,NZL,6.69521,13.80316
New Zealand,1971,NZL,6.462817,11.45277
New Zealand,1972,NZL,6.371082,12.8555
New Zealand,1973,NZL,5.389634,13.34896
New Zealand,1974,NZL,5.982979,13.4118
New Zealand,1975,NZL,6.664862,13.81855
New Zealand,1976,NZL,6.122365,13.45243
New Zealand,1977,NZL,7.341437,17.74372
New Zealand,1978,NZL,7.50095,13.92594
New Zealand,1979,NZL,5.64398,14.39595
New Zealand,1980,NZL,7.007597,14.81399
New Zealand,1981,NZL,4.823435,15.79176
New Zealand,1982,NZL,6.611544,16.25312
New Zealand,1983,NZL,6.228209,15.45569
New Zealand,1984,NZL,5.417628,18.31777
New Zealand,1985,NZL,4.880707,15.46376
New Zealand,1986,NZL,6.580908,18.28667
New Zealand,1987,NZL,5.825074,21.75726
New Zealand,1988,NZL,5.668206,22.54321
New Zealand,1989,NZL,5.311521,22.05261
New Zealand,1990,NZL,5.137218,21.46452
New Zealand,1991,NZL,5.128064,21.63859
New Zealand,1992,NZL,5.231815,22.40842
New Zealand,1993,NZL,4.999377,19.34185
New Zealand,1994,NZL,5.328048,22.47202
New Zealand,1995,NZL,6.067229,23.36297
New Zealand,1996,NZL,5.941496,22.9649
New Zealand,1997,NZL,6.336947,23.70467
New Zealand,1998,NZL,6.807942,23.57084
New Zealand,1999,NZL,6.696422,20.3601
New Zealand,2000,NZL,4.168914,19.92565
New Zealand,2001,NZL,5.886771,20.36251
New Zealand,2002,NZL,5.621368,18.08962
New Zealand,2003,NZL,6.62168,18.50447
New Zealand,2004,NZL,5.336744,18.7397
Nicaragua,2004,NIC,5.211092949,19.36138535
Niger,2004,NER,5.039722919,13.03199673
Nigeria,2004,NGA,5.225975037,10.24538708
Niue,2004,NIU,3.615885019,4.736305237
North Korea,2004,PRK,3.947198868,5.744086266
Norway,1951,NOR,2.511076,9.586143
Norway,1952,NOR,3.233227,9.674347
Norway,1953,NOR,3.739577,10.26842
Norway,1954,NOR,2.320111,11.47895
Norway,1955,NOR,2.835984,10.91266
Norway,1956,NOR,2.458401,11.01718
Norway,1957,NOR,2.591909,10.88116
Norway,1958,NOR,2.396795,10.88523
Norway,1959,NOR,3.491517,10.94218
Norway,1960,NOR,2.268944,9.923195
Norway,1961,NOR,2.481758,10.12493
Norway,1962,NOR,2.784527,11.8351
Norway,1963,NOR,3.785133,10.9406
Norway,1964,NOR,2.76714,10.57239
Norway,1965,NOR,3.257871,11.25852
Norway,1966,NOR,3.103798,9.917175
Norway,1967,NOR,3.112187,9.680084
Norway,1968,NOR,3.539284,11.62396
Norway,1969,NOR,3.067463,12.2322
Norway,1970,NOR,4.704581,11.31155
Norway,1971,NOR,3.96741,11.69867
Norway,1972,NOR,4.859923,12.30194
Norway,1973,NOR,3.832234,12.6014
Norway,1974,NOR,4.290132,15.68005
Norway,1975,NOR,5.209936,13.57743
Norway,1976,NOR,5.316265,15.16921
Norway,1977,NOR,5.847558,16.34398
Norway,1978,NOR,5.967258,16.50862
Norway,1979,NOR,6.941861,16.30507
Norway,1980,NOR,6.125055,17.19674
Norway,1981,NOR,6.097747,18.20749
Norway,1982,NOR,7.106333,19.63434
Norway,1983,NOR,7.45241,20.02865
Norway,1984,NOR,6.493855,20.25437
Norway,1985,NOR,7.075398,19.7182
Norway,1986,NOR,6.891037,19.11323
Norway,1987,NOR,7.194898,21.47536
Norway,1988,NOR,8.539811,22.80284
Norway,1989,NOR,7.523332,20.99599
Norway,1990,NOR,7.021215,21.06987
Norway,1991,NOR,7.08075,21.73295
Norway,1992,NOR,6.815001,19.269
Norway,1993,NOR,5.635677,19.00583
Norway,1994,NOR,6.18733,16.54569
Norway,1995,NOR,5.659612,17.49037
Norway,1996,NOR,5.425931,16.32568
Norway,1997,NOR,5.889028,16.12466
Norway,1998,NOR,6.086514,17.13272
Norway,1999,NOR,6.462259,18.41498
Norway,2000,NOR,5.419983,17.4731
Norway,2001,NOR,5.784705,16.88968
Norway,2002,NOR,5.360832,14.7379
Norway,2003,NOR,5.2304,15.48331
Norway,2004,NOR,6.822908,14.72305
Oman,2004,OMN,0.510549843,5.770564079
Pakistan,2004,PAK,13.0262146,12.80295563
Palau,2004,PLW,4.798904896,6.420404434
Panama,1984,PAN,0.5404561,2.677613
Panama,1985,PAN,1.320754,4.880816
Panama,1986,PAN,1.417001,7.453704
Panama,1987,PAN,2.05939,7.03057
Panama,1988,PAN,1.931315,6.491446
Panama,1989,PAN,0.8963737,5.891897
Panama,1996,PAN,1.198894,7.942142
Panama,1997,PAN,1.678765,9.672293
Panama,1998,PAN,1.868072,9.496749
Panama,1999,PAN,1.375172,9.451866
Panama,2000,PAN,1.323197,9.406568
Panama,2001,PAN,1.664682,9.974922
Panama,2002,PAN,2.152816,9.449
Panama,2003,PAN,1.405318,12.00731
Panama,2004,PAN,2.161664,10.25313
Papua New Guinea,2004,PNG,9.99246788,13.90877914
Paraguay,1994,PRY,1.436651,4.584146
Paraguay,1995,PRY,1.499484,4.374225
Paraguay,1996,PRY,1.304838,3.474399
Paraguay,1997,PRY,1.73492,3.944752
Paraguay,1998,PRY,1.782107,4.748592
Paraguay,1999,PRY,2.292752,4.835973
Paraguay,2000,PRY,1.923762,4.807024
Paraguay,2001,PRY,2.041138,4.397122
Paraguay,2002,PRY,2.415609,4.405669
Paraguay,2003,PRY,1.44981,5.352427
Paraguay,2004,PRY,2.680549,6.300021
Peru,2004,PER,1.100675225,2.261820793
Philippines,1992,PHL,0.3531852,0.9311314
Philippines,1993,PHL,1.117274,1.832395
Philippines,1997,PHL,0.6920957,2.038935
Philippines,1998,PHL,0.6745756,2.246799
Philippines,1999,PHL,0.8156066,2.524964
Philippines,2000,PHL,1.070988,3.356358
Philippines,2001,PHL,0.818037,2.850168
Philippines,2002,PHL,0.8554534,2.912669
Philippines,2003,PHL,1.090869,3.327663
Philippines,2004,PHL,0.978919387,2.897451401
Poland,1959,POL,2.747147,12.70909
Poland,1960,POL,3.093132,15.26993
Poland,1961,POL,3.454455,16.48747
Poland,1962,POL,3.917751,17.04397
Poland,1963,POL,3.069671,15.9283
Poland,1964,POL,3.544581,15.60385
Poland,1965,POL,3.45191,16.65403
Poland,1966,POL,3.494119,18.33489
Poland,1967,POL,3.588097,18.63399
Poland,1968,POL,3.730314,19.29843
Poland,1969,POL,4.121762,19.67064
Poland,1970,POL,3.980076,19.90533
Poland,1971,POL,3.948938,20.53902
Poland,1972,POL,4.001822,20.81304
Poland,1973,POL,4.150195,20.09303
Poland,1974,POL,4.003276,18.91307
Poland,1975,POL,3.546349,19.47337
Poland,1976,POL,3.812861,20.64356
Poland,1977,POL,3.852462,21.1773
Poland,1978,POL,3.962742,22.7674
Poland,1979,POL,3.860626,21.77376
Poland,1983,POL,4.08059,20.75966
Poland,1984,POL,4.651175,23.47479
Poland,1985,POL,4.246272,22.48614
Poland,1986,POL,4.181237,22.05907
Poland,1987,POL,4.44194,22.32526
Poland,1988,POL,4.055269,20.4385
Poland,1989,POL,3.455828,19.20991
Poland,1990,POL,4.15857,21.80875
Poland,1991,POL,4.081217,23.52237
Poland,1992,POL,4.548273,24.77587
Poland,1993,POL,4.538097,24.1463
Poland,1994,POL,4.06301,23.88444
Poland,1995,POL,4.197458,23.23887
Poland,1996,POL,4.055182,22.86383
Poland,1999,POL,3.801051,23.99116
Poland,2000,POL,4.231325,24.09536
Poland,2001,POL,3.653028,24.36005
Poland,2002,POL,4.133393,23.81813
Poland,2003,POL,3.708668,23.72717
Poland,2004,POL,3.808252,24.48841
Portugal,1955,PRT,3.702455,17.64085
Portugal,1956,PRT,3.940488,19.45899
Portugal,1957,PRT,3.718987,15.13619
Portugal,1958,PRT,4.296834,15.86168
Portugal,1959,PRT,3.593614,17.57792
Portugal,1960,PRT,3.828558,15.62394
Portugal,1961,PRT,4.325647,15.59241
Portugal,1962,PRT,3.634641,15.29534
Portugal,1963,PRT,3.943712,16.98588
Portugal,1964,PRT,3.662016,17.21899
Portugal,1965,PRT,3.698461,16.74667
Portugal,1966,PRT,4.279377,16.89507
Portugal,1967,PRT,4.116631,17.8147
Portugal,1968,PRT,4.191739,16.24837
Portugal,1969,PRT,3.755364,15.34483
Portugal,1970,PRT,3.451541,14.00468
Portugal,1971,PRT,3.051788,14.65669
Portugal,1972,PRT,3.389121,13.66216
Portugal,1973,PRT,3.84974,13.8918
Portugal,1974,PRT,4.067813,13.44235
Portugal,1975,PRT,3.812816,13.58661
Portugal,1976,PRT,3.584012,14.80046
Portugal,1977,PRT,4.169503,14.78496
Portugal,1978,PRT,4.579728,15.07431
Portugal,1979,PRT,4.602372,16.00327
Portugal,1980,PRT,3.716932,11.57745
Portugal,1981,PRT,4.197906,11.37313
Portugal,1982,PRT,4.521269,11.82911
Portugal,1983,PRT,4.759202,14.21444
Portugal,1984,PRT,5.48386,14.50422
Portugal,1985,PRT,4.810634,13.71392
Portugal,1986,PRT,4.44743,13.12105
Portugal,1987,PRT,4.137074,13.70485
Portugal,1988,PRT,3.085557,11.75629
Portugal,1989,PRT,3.051861,10.24533
Portugal,1990,PRT,3.523117,11.86659
Portugal,1991,PRT,3.671722,12.90046
Portugal,1992,PRT,3.683841,11.33786
Portugal,1993,PRT,2.952558,10.25197
Portugal,1994,PRT,2.548767,10.36056
Portugal,1995,PRT,3.395956,10.00548
Portugal,1996,PRT,2.22119,8.146134
Portugal,1997,PRT,2.068861,7.980776
Portugal,1998,PRT,1.814767,6.792208
Portugal,1999,PRT,1.79163,6.400009
Portugal,2000,PRT,1.389155,6.44314
Portugal,2001,PRT,2.32396,9.318607
Portugal,2002,PRT,3.671439,14.73372
Portugal,2003,PRT,3.534476,13.41181
Portugal,2004,PRT,3.381770134,13.76813889
Qatar,2004,QAT,1.045888662,2.964822054
Romania,1989,ROU,5.014796,16.06707
Romania,1990,ROU,4.192598,12.80949
Romania,1991,ROU,3.973474,13.64045
Romania,1992,ROU,4.349811,17.55805
Romania,1993,ROU,4.347254,18.59851
Romania,1994,ROU,4.401498,19.49762
Romania,1995,ROU,4.051436,19.07028
Romania,1996,ROU,3.588795,19.61836
Romania,1997,ROU,3.560557,20.02037
Romania,1998,ROU,3.631034,19.44814
Romania,1999,ROU,3.619731,18.49115
Romania,2000,ROU,3.615755,19.07485
Romania,2002,ROU,3.855283,21.09002
Romania,2003,ROU,3.69424,19.59083
Romania,2004,ROU,3.121014,18.64492
Russia,1980,RUS,11.74176,58.29149
Russia,1981,RUS,11.10731,57.86173
Russia,1982,RUS,11.11159,58.34574
Russia,1985,RUS,10.43172,51.74969
Russia,1986,RUS,9.077941,36.58615
Russia,1987,RUS,8.884953,37.2289
Russia,1988,RUS,9.290985,38.88858
Russia,1989,RUS,8.938926,42.18855
Russia,1990,RUS,9.153014,43.18558
Russia,1991,RUS,8.857314,43.42383
Russia,1992,RUS,9.652694,50.95888
Russia,1993,RUS,10.85074,63.54155
Russia,1994,RUS,11.25802,70.80212
Russia,1995,RUS,11.46194,68.898
Russia,1996,RUS,10.38183,65.76081
Russia,1997,RUS,10.09711,61.91758
Russia,1998,RUS,9.408822,57.94143
Russia,1999,RUS,10.43329,63.71744
Russia,2000,RUS,9.611029,64.35001
Russia,2001,RUS,9.607494,64.83901
Russia,2002,RUS,9.507463,61.97556
Russia,2003,RUS,8.762399,57.86199
Russia,2004,RUS,8.535518,54.67918
Rwanda,2004,RWA,8.442500114,18.921278
Saint Lucia,2004,LCA,3.418027878,13.45894718
Saint Vincent and the Grenadines,2004,VCT,2.656747818,16.99948692
Samoa,2004,WSM,5.327689648,5.689428329
San Marino,2004,SMR,1.48657012,11.30418301
Sao Tome and Principe,2004,STP,4.831316948,16.89408112
Saudi Arabia,2004,SAU,1.565913439,9.673741341
Senegal,2004,SEN,4.915722847,8.77296257
Serbia,1998,SRB,8.27764,22.89251
Serbia,1999,SRB,8.78235,24.31089
Serbia,2000,SRB,8.410382,23.60471
Serbia,2001,SRB,7.373667,22.51401
Serbia,2002,SRB,6.859787,22.5509
Serbia,2003,SRB,6.705021,21.68016
Serbia,2004,SRB,6.408779,20.55656
Serbia and Montenegro,1997,OWID_SRM,8.296897,20.46484
Serbia and Montenegro,1998,OWID_SRM,7.301694,18.44108
Serbia and Montenegro,1999,OWID_SRM,7.754066,19.36547
Serbia and Montenegro,2000,OWID_SRM,7.298211,19.00419
Serbia and Montenegro,2001,OWID_SRM,7.597809,21.81269
Serbia and Montenegro,2002,OWID_SRM,6.965185,22.51922
Serbia and Montenegro,2004,OWID_SRM,7.888039589,21.85721207
Seychelles,2004,SYC,0.181349486,18.95357704
Sierra Leone,2004,SLE,5.969195366,18.47812271
Singapore,1963,SGP,8.783051,23.81263
Singapore,1964,SGP,6.314593,26.285
Singapore,1965,SGP,9.557222,20.56229
Singapore,1966,SGP,12.75478,21.63776
Singapore,1967,SGP,12.00578,20.38548
Singapore,1968,SGP,13.36652,26.26588
Singapore,1969,SGP,9.926293,19.04925
Singapore,1970,SGP,10.17527,18.08541
Singapore,1971,SGP,12.70751,21.16017
Singapore,1972,SGP,10.04345,24.37683
Singapore,1973,SGP,12.3076,19.51924
Singapore,1974,SGP,11.04292,17.56336
Singapore,1975,SGP,12.11277,21.20148
Singapore,1976,SGP,13.04941,17.15116
Singapore,1977,SGP,10.16335,17.07851
Singapore,1978,SGP,11.37953,19.87191
Singapore,1979,SGP,11.69068,16.96606
Singapore,1980,SGP,11.12292,15.53009
Singapore,1981,SGP,7.922733,10.35475
Singapore,1982,SGP,9.559989,13.58239
Singapore,1983,SGP,10.14531,14.48873
Singapore,1984,SGP,8.15266,11.12177
Singapore,1985,SGP,11.86326,17.34895
Singapore,1986,SGP,11.81259,17.41698
Singapore,1987,SGP,10.68006,15.77262
Singapore,1988,SGP,11.93868,19.11974
Singapore,1989,SGP,14.02505,18.14982
Singapore,1990,SGP,11.16215,15.68499
Singapore,1991,SGP,8.649853,13.34104
Singapore,1992,SGP,8.135537,11.25651
Singapore,1993,SGP,7.110344,12.69303
Singapore,1994,SGP,8.529442,13.65429
Singapore,1995,SGP,9.003538,15.9881
Singapore,1996,SGP,5.782323,10.57574
Singapore,1997,SGP,6.473236,12.93756
Singapore,1998,SGP,8.096891,13.02632
Singapore,1999,SGP,5.253664,11.69702
Singapore,2000,SGP,6.083872,12.15388
Singapore,2001,SGP,6.494368,11.51825
Singapore,2002,SGP,7.102538,10.89183
Singapore,2003,SGP,6.3655,11.57308
Singapore,2004,SGP,6.623429,11.07157
Slovakia,1992,SVK,4.573492,24.55667
Slovakia,1993,SVK,3.821248,23.30262
Slovakia,1994,SVK,3.597469,21.88799
Slovakia,1995,SVK,4.147551,22.61441
Slovakia,1996,SVK,3.37746,20.70107
Slovakia,1997,SVK,3.290371,19.00266
Slovakia,1998,SVK,2.69374,20.6374
Slovakia,1999,SVK,3.184771,20.84727
Slovakia,2000,SVK,4.106474,20.64439
Slovakia,2001,SVK,3.365531,20.19924
Slovakia,2002,SVK,2.965688,21.08754
Slovakia,2003,SVK,3.029095,21.93771
Slovakia,2004,SVK,3.281882,18.80426
Slovenia,1985,SVN,12.53832,49.74031
Slovenia,1986,SVN,11.278,45.46986
Slovenia,1987,SVN,14.18022,43.51923
Slovenia,1988,SVN,14.21275,45.24703
Slovenia,1989,SVN,13.43268,49.92982
Slovenia,1990,SVN,10.27987,40.50645
Slovenia,1991,SVN,11.83989,47.60148
Slovenia,1992,SVN,11.20632,41.5381
Slovenia,1993,SVN,10.36683,45.79264
Slovenia,1994,SVN,11.13168,44.6827
Slovenia,1995,SVN,9.963476,40.24912
Slovenia,1996,SVN,11.27626,41.8033
Slovenia,1997,SVN,9.36951,43.11447
Slovenia,1998,SVN,10.72607,43.31761
Slovenia,1999,SVN,10.64391,40.34452
Slovenia,2000,SVN,11.61877,38.12474
Slovenia,2001,SVN,8.804616,39.62702
Slovenia,2002,SVN,7.833283,36.0453
Slovenia,2003,SVN,8.426601,36.90978
Slovenia,2004,SVN,10.38242,30.2476
Solomon Islands,2004,SLB,4.040680885,4.892630577
Somalia,2004,SOM,26.97296906,33.02750778
South Africa,2004,ZAF,7.15562439,25.56507301
South Korea,1985,KOR,5.164001,15.14904
South Korea,1986,KOR,4.503972,14.10982
South Korea,1987,KOR,4.490364,12.94893
South Korea,1988,KOR,4.082624,10.84375
South Korea,1989,KOR,4.329062,10.94012
South Korea,1990,KOR,4.475991,11.11413
South Korea,1991,KOR,4.283374,10.50475
South Korea,1992,KOR,4.848248,11.9305
South Korea,1993,KOR,5.720911,13.87159
South Korea,1994,KOR,5.958957,13.86809
South Korea,1995,KOR,6.443645,15.5097
South Korea,1996,KOR,7.577933,18.53007
South Korea,1997,KOR,7.614263,18.86672
South Korea,1998,KOR,9.56099,27.23122
South Korea,1999,KOR,8.383825,21.82271
South Korea,2000,KOR,7.674746,19.49983
South Korea,2002,KOR,10.06169,25.43147
South Korea,2003,KOR,12.45745,31.80959
South Korea,2004,KOR,12.98079,32.49784
Spain,1951,ESP,2.915054,9.702232
Spain,1952,ESP,3.295042,9.558169
Spain,1953,ESP,2.903252,9.907714
Spain,1954,ESP,2.741883,9.811701
Spain,1955,ESP,2.602778,9.078657
Spain,1956,ESP,2.761642,8.4275
Spain,1957,ESP,2.79407,8.271105
Spain,1958,ESP,2.625093,7.950587
Spain,1959,ESP,2.562132,8.285385
Spain,1960,ESP,2.803123,8.75699
Spain,1961,ESP,2.385278,8.461027
Spain,1962,ESP,2.371431,7.780812
Spain,1963,ESP,2.402251,7.738816
Spain,1964,ESP,2.240458,7.945112
Spain,1965,ESP,2.283824,7.393143
Spain,1966,ESP,2.059052,7.401293
Spain,1967,ESP,2.123657,6.953454
Spain,1968,ESP,2.122182,6.485275
Spain,1969,ESP,1.938205,7.010796
Spain,1970,ESP,1.93455,6.105517
Spain,1971,ESP,1.917329,6.674414
Spain,1972,ESP,2.058717,6.796092
Spain,1973,ESP,2.115611,6.232269
Spain,1974,ESP,2.00362,5.827903
Spain,1975,ESP,1.77509,5.948262
Spain,1976,ESP,1.929668,6.134294
Spain,1977,ESP,1.910029,6.078854
Spain,1978,ESP,1.954299,6.020765
Spain,1979,ESP,1.853791,6.210747
Spain,1980,ESP,1.883753,6.603395
Spain,1981,ESP,2.020587,6.697839
Spain,1982,ESP,2.28023,6.928572
Spain,1983,ESP,2.525702,8.026987
Spain,1984,ESP,2.763804,9.143158
Spain,1985,ESP,2.842288,8.970794
Spain,1986,ESP,2.970881,9.882834
Spain,1987,ESP,3.256647,9.589047
Spain,1988,ESP,3.251727,10.19932
Spain,1989,ESP,3.022854,10.37489
Spain,1990,ESP,3.133903,9.793649
Spain,1991,ESP,2.96489,9.688658
Spain,1992,ESP,2.581168,9.450427
Spain,1993,ESP,2.883488,10.25855
Spain,1994,ESP,2.781699,10.76954
Spain,1995,ESP,2.815258,10.46919
Spain,1996,ESP,3.340948,10.61616
Spain,1997,ESP,3.125757,10.81126
Spain,1998,ESP,2.807407,10.51271
Spain,2001,ESP,2.681486,9.610643
Spain,2002,ESP,2.882634,9.880076
Spain,2003,ESP,2.899261,10.01017
Spain,2004,ESP,2.90705,9.851422
Sri Lanka,1950,LKA,5.011446,11.23527
Sri Lanka,1951,LKA,5.744753,11.83208
Sri Lanka,1952,LKA,6.003711,11.01291
Sri Lanka,1953,LKA,5.24056,12.21064
Sri Lanka,1954,LKA,6.659508,13.30095
Sri Lanka,1955,LKA,5.416183,12.22634
Sri Lanka,1956,LKA,5.432433,14.26081
Sri Lanka,1957,LKA,5.603672,15.28692
Sri Lanka,1958,LKA,5.405377,16.09668
Sri Lanka,1959,LKA,6.397889,14.39286
Sri Lanka,1960,LKA,7.043905,17.80459
Sri Lanka,1961,LKA,7.529852,16.79716
Sri Lanka,1962,LKA,7.576896,20.91992
Sri Lanka,1963,LKA,7.620313,22.63954
Sri Lanka,1964,LKA,10.14845,23.8775
Sri Lanka,1965,LKA,9.222506,22.40617
Sri Lanka,1966,LKA,9.719633,22.30304
Sri Lanka,1967,LKA,11.24375,30.02351
Sri Lanka,1968,LKA,10.70995,30.64032
Sri Lanka,1977,LKA,13.8749,27.81343
Sri Lanka,1980,LKA,19.61821,44.05927
Sri Lanka,1981,LKA,20.28778,43.24277
Sri Lanka,1982,LKA,20.90057,48.3875
Sri Lanka,1983,LKA,22.912,52.87107
Sri Lanka,1984,LKA,22.64383,54.59535
Sri Lanka,1985,LKA,21.2685,54.09293
Sri Lanka,1986,LKA,18.22672,52.7536
Sri Lanka,2004,LKA,11.60693264,45.63751602
Sudan,2004,SDN,5.942135334,13.63727474
Suriname,2004,SUR,9.536875725,32.64708328
Swaziland,2004,SWZ,10.95679283,15.46560764
Sweden,1951,SWE,6.732965,22.75544
Sweden,1952,SWE,6.355847,23.79813
Sweden,1953,SWE,8.111773,25.09013
Sweden,1954,SWE,7.265455,22.64736
Sweden,1955,SWE,7.44846,24.01801
Sweden,1956,SWE,8.021605,27.58143
Sweden,1957,SWE,7.768376,27.5053
Sweden,1958,SWE,7.471743,22.66192
Sweden,1959,SWE,8.108604,23.97156
Sweden,1960,SWE,7.636769,23.1223
Sweden,1961,SWE,7.284967,22.46557
Sweden,1962,SWE,8.2514,24.42081
Sweden,1963,SWE,9.054564,23.8648
Sweden,1964,SWE,9.76568,25.36592
Sweden,1965,SWE,9.071277,24.45315
Sweden,1966,SWE,9.653698,25.92117
Sweden,1967,SWE,10.20974,28.58081
Sweden,1968,SWE,10.59062,28.32438
Sweden,1969,SWE,11.44526,27.89718
Sweden,1970,SWE,12.03901,27.94622
Sweden,1971,SWE,10.92553,25.62592
Sweden,1972,SWE,10.18762,26.40089
Sweden,1973,SWE,10.68142,26.72003
Sweden,1974,SWE,10.09709,25.65115
Sweden,1975,SWE,10.09,25.09587
Sweden,1976,SWE,10.32404,23.96432
Sweden,1977,SWE,9.669584,25.32167
Sweden,1978,SWE,10.30105,23.56358
Sweden,1979,SWE,11.4315,25.16924
Sweden,1980,SWE,9.911782,24.84582
Sweden,1981,SWE,8.982367,21.72765
Sweden,1982,SWE,9.636292,24.28831
Sweden,1983,SWE,9.449626,23.87742
Sweden,1984,SWE,10.33465,24.32954
Sweden,1985,SWE,9.789674,21.81473
Sweden,1986,SWE,8.991082,23.5359
Sweden,1987,SWE,9.136179,22.45296
Sweden,1988,SWE,9.808012,22.8015
Sweden,1989,SWE,9.041406,23.22564
Sweden,1990,SWE,8.702847,20.25444
Sweden,1991,SWE,8.587622,20.8868
Sweden,1992,SWE,7.952881,18.26786
Sweden,1993,SWE,8.081827,18.6778
Sweden,1994,SWE,6.964609,17.96867
Sweden,1995,SWE,7.473848,18.26309
Sweden,1996,SWE,6.875292,16.91674
Sweden,1997,SWE,6.559667,16.63838
Sweden,1998,SWE,6.12134,16.67499
Sweden,1999,SWE,6.816168,16.52089
Sweden,2000,SWE,6.059021,15.12617
Sweden,2001,SWE,6.287191,15.56608
Sweden,2002,SWE,5.752751,16.2871
Sweden,2003,SWE,6.393465,14.4671
Sweden,2004,SWE,5.873864,15.61782
Switzerland,1951,CHE,10.56031,30.33841
Switzerland,1952,CHE,10.23782,31.03502
Switzerland,1953,CHE,9.007576,32.949
Switzerland,1954,CHE,10.58802,32.62229
Switzerland,1955,CHE,10.81122,29.88089
Switzerland,1956,CHE,10.37492,30.60099
Switzerland,1957,CHE,9.359056,30.61531
Switzerland,1958,CHE,10.11771,30.13363
Switzerland,1959,CHE,8.415977,28.95568
Switzerland,1960,CHE,9.792006,26.92226
Switzerland,1961,CHE,9.92152,25.2364
Switzerland,1962,CHE,9.488377,26.94219
Switzerland,1963,CHE,8.777312,24.4753
Switzerland,1964,CHE,8.980412,23.65306
Switzerland,1965,CHE,8.868424,26.95374
Switzerland,1966,CHE,9.2642,26.39052
Switzerland,1967,CHE,8.265817,26.06185
Switzerland,1968,CHE,8.602951,24.53819
Switzerland,1969,CHE,8.789406,24.43914
Switzerland,1970,CHE,8.986479,26.53881
Switzerland,1971,CHE,10.31645,25.04941
Switzerland,1972,CHE,10.10586,27.07225
Switzerland,1973,CHE,9.492155,26.00314
Switzerland,1974,CHE,11.08497,27.55334
Switzerland,1975,CHE,11.43602,31.20489
Switzerland,1976,CHE,11.17744,30.42174
Switzerland,1977,CHE,12.54905,31.97277
Switzerland,1978,CHE,12.59602,32.02621
Switzerland,1979,CHE,13.63322,31.89702
Switzerland,1980,CHE,13.08645,33.44262
Switzerland,1981,CHE,12.42186,30.5427
Switzerland,1982,CHE,12.3916,32.01274
Switzerland,1983,CHE,11.6622,33.21622
Switzerland,1984,CHE,11.83314,32.21432
Switzerland,1985,CHE,12.83876,31.32168
Switzerland,1986,CHE,10.98364,28.92554
Switzerland,1987,CHE,10.70665,30.45419
Switzerland,1988,CHE,10.14532,28.15347
Switzerland,1989,CHE,10.74188,28.38021
Switzerland,1990,CHE,10.18671,26.94739
Switzerland,1991,CHE,9.104451,29.20185
Switzerland,1992,CHE,8.590002,26.72009
Switzerland,1993,CHE,9.120775,25.56555
Switzerland,1994,CHE,9.546003,26.74516
Switzerland,1995,CHE,8.803282,25.19455
Switzerland,1996,CHE,9.073054,25.09206
Switzerland,1997,CHE,7.795402,23.76165
Switzerland,2001,CHE,7.853479,21.919
Switzerland,2002,CHE,9.060589,22.44623
Switzerland,2003,CHE,7.772471,19.12907
Switzerland,2004,CHE,7.944855,18.738
Syria,2004,SYR,0.446933389,0.597565532
Tajikistan,2004,TJK,2.107353687,3.257120609
Tanzania,2004,TZA,7.750602245,17.50307846
Thailand,2004,THA,5.488035202,14.74799156
Timor,2004,TLS,6.960760593,12.34579182
Togo,2004,TGO,4.514622211,8.492129326
Tonga,2004,TON,5.062223911,3.846517801
Trinidad and Tobago,1951,TTO,2.726427,5.785297
Trinidad and Tobago,1952,TTO,3.557668,7.27397
Trinidad and Tobago,1953,TTO,2.513744,10.18897
Trinidad and Tobago,1954,TTO,3.52006,8.769217
Trinidad and Tobago,1955,TTO,2.951571,13.79281
Trinidad and Tobago,1956,TTO,2.004345,12.91296
Trinidad and Tobago,1957,TTO,1.002481,14.62698
Trinidad and Tobago,1958,TTO,1.997751,7.793511
Trinidad and Tobago,1960,TTO,1.929697,6.642903
Trinidad and Tobago,1961,TTO,2.060731,7.362831
Trinidad and Tobago,1962,TTO,1.422584,6.522882
Trinidad and Tobago,1963,TTO,0.6129742,5.279912
Trinidad and Tobago,1967,TTO,1.817805,8.358265
Trinidad and Tobago,1968,TTO,5.748702,11.58803
Trinidad and Tobago,1970,TTO,4.756058,15.66931
Trinidad and Tobago,1971,TTO,1.656986,10.35357
Trinidad and Tobago,1972,TTO,6.732993,16.13442
Trinidad and Tobago,1973,TTO,5.951644,16.64358
Trinidad and Tobago,1974,TTO,6.169045,11.05883
Trinidad and Tobago,1975,TTO,6.241136,13.91031
Trinidad and Tobago,1976,TTO,5.048275,14.94793
Trinidad and Tobago,1977,TTO,5.142674,13.52917
Trinidad and Tobago,1978,TTO,1.132487,8.303322
Trinidad and Tobago,1979,TTO,3.493548,7.63773
Trinidad and Tobago,1980,TTO,1.637456,7.16725
Trinidad and Tobago,1981,TTO,2.97772,7.789286
Trinidad and Tobago,1982,TTO,3.640255,11.10799
Trinidad and Tobago,1983,TTO,4.719494,13.98364
Trinidad and Tobago,1984,TTO,3.369459,9.777418
Trinidad and Tobago,1985,TTO,0.7385139,4.584487
Trinidad and Tobago,1986,TTO,5.986737,13.30337
Trinidad and Tobago,1987,TTO,4.617908,16.99072
Trinidad and Tobago,1988,TTO,7.859989,22.93384
Trinidad and Tobago,1989,TTO,6.960498,25.24604
Trinidad and Tobago,1990,TTO,7.57019,22.43776
Trinidad and Tobago,1991,TTO,5.057765,20.94859
Trinidad and Tobago,1992,TTO,4.470154,22.6082
Trinidad and Tobago,1993,TTO,4.523787,23.88354
Trinidad and Tobago,1994,TTO,5.045835,19.5026
Trinidad and Tobago,1995,TTO,6.311679,27.16472
Trinidad and Tobago,1996,TTO,5.349893,20.38877
Trinidad and Tobago,1997,TTO,4.776528,22.11063
Trinidad and Tobago,1998,TTO,4.401545,23.93831
Trinidad and Tobago,1999,TTO,4.499389,19.1211
Trinidad and Tobago,2000,TTO,4.841399,22.07167
Trinidad and Tobago,2001,TTO,5.463157,22.7507
Trinidad and Tobago,2002,TTO,3.737824,20.08665
Trinidad and Tobago,2004,TTO,7.175161362,22.53356361
Tunisia,2004,TUN,1.971736789,4.329698563
Turkey,2004,TUR,2.639457464,4.583178043
Turkmenistan,1981,TKM,6.226524,18.75795
Turkmenistan,1982,TKM,6.27384,14.01583
Turkmenistan,1985,TKM,4.886627,15.12287
Turkmenistan,1986,TKM,7.469977,16.7749
Turkmenistan,1987,TKM,7.609131,14.81979
Turkmenistan,1988,TKM,6.029309,14.73198
Turkmenistan,1989,TKM,5.757218,13.47969
Turkmenistan,1990,TKM,5.822345,15.5346
Turkmenistan,1991,TKM,5.606867,13.32006
Turkmenistan,1992,TKM,5.243183,13.22693
Turkmenistan,1993,TKM,4.095586,11.72937
Turkmenistan,1994,TKM,4.861675,10.02413
Turkmenistan,1995,TKM,2.616967,11.29969
Turkmenistan,1996,TKM,3.076711,12.59451
Turkmenistan,1997,TKM,3.446744,13.42804
Turkmenistan,1998,TKM,4.092763,16.84886
Turkmenistan,2004,TKM,4.012059212,20.89617538
Tuvalu,2004,TUV,7.446298599,8.264158249
Uganda,2004,UGA,8.046066284,16.82118797
Ukraine,1981,UKR,7.436482,39.32916
Ukraine,1982,UKR,7.745018,40.96602
Ukraine,1985,UKR,7.111,36.04244
Ukraine,1986,UKR,6.966435,28.38107
Ukraine,1987,UKR,7.1759,29.96474
Ukraine,1988,UKR,7.015817,29.28366
Ukraine,1989,UKR,7.286044,33.20305
Ukraine,1990,UKR,6.774807,32.74656
Ukraine,1991,UKR,6.531469,32.91568
Ukraine,1992,UKR,7.356577,35.71603
Ukraine,1993,UKR,7.255165,38.55526
Ukraine,1994,UKR,7.740508,43.18591
Ukraine,1995,UKR,7.520094,46.52814
Ukraine,1996,UKR,7.687284,48.82568
Ukraine,1997,UKR,7.998254,47.38778
Ukraine,1998,UKR,8.130715,46.86461
Ukraine,1999,UKR,7.55036,45.97361
Ukraine,2000,UKR,7.670717,46.48815
Ukraine,2001,UKR,6.383736,43.15834
Ukraine,2002,UKR,6.361105,41.1476
Ukraine,2003,UKR,6.256175,40.38043
Ukraine,2004,UKR,5.39009,37.3636
United Arab Emirates,2004,ARE,0.274214566,1.806055069
United Kingdom,1950,GBR,5.367217,11.43233
United Kingdom,1951,GBR,5.466589,11.29382
United Kingdom,1952,GBR,5.059583,11.12799
United Kingdom,1953,GBR,5.663029,11.91818
United Kingdom,1954,GBR,6.053491,12.4511
United Kingdom,1955,GBR,6.340184,12.10914
United Kingdom,1956,GBR,6.697222,12.56579
United Kingdom,1957,GBR,6.864992,12.40468
United Kingdom,1958,GBR,6.803025,12.51756
United Kingdom,1959,GBR,6.780856,12.18669
United Kingdom,1960,GBR,6.661391,11.99681
United Kingdom,1961,GBR,6.950402,11.75955
United Kingdom,1962,GBR,7.493289,12.65946
United Kingdom,1963,GBR,7.807155,12.7929
United Kingdom,1964,GBR,7.645912,12.07235
United Kingdom,1965,GBR,7.214386,11.1514
United Kingdom,1966,GBR,6.986245,10.85252
United Kingdom,1967,GBR,6.294775,10.5854
United Kingdom,1968,GBR,6.129091,10.20879
United Kingdom,1969,GBR,5.7487,9.582495
United Kingdom,1970,GBR,5.405731,8.719311
United Kingdom,1971,GBR,5.371745,8.665622
United Kingdom,1972,GBR,5.229085,8.545503
United Kingdom,1973,GBR,5.33337,8.747685
United Kingdom,1974,GBR,5.380699,8.895075
United Kingdom,1975,GBR,5.148705,8.450904
United Kingdom,1976,GBR,5.041883,9.011999
United Kingdom,1977,GBR,5.316658,9.162452
United Kingdom,1978,GBR,5.232867,9.446365
United Kingdom,1979,GBR,5.512966,9.980624
United Kingdom,1980,GBR,5.566744,10.2206
United Kingdom,1981,GBR,5.229814,10.73835
United Kingdom,1982,GBR,4.948067,10.81128
United Kingdom,1983,GBR,4.734631,10.84736
United Kingdom,1984,GBR,4.635503,10.98399
United Kingdom,1985,GBR,4.682991,11.32458
United Kingdom,1986,GBR,3.999975,11.13024
United Kingdom,1987,GBR,3.807797,10.68571
United Kingdom,1988,GBR,3.846012,11.81646
United Kingdom,1989,GBR,3.181611,10.57383
United Kingdom,1990,GBR,3.194811,11.51284
United Kingdom,1991,GBR,3.013177,11.40854
United Kingdom,1992,GBR,3.054398,11.54631
United Kingdom,1993,GBR,2.900457,11.11882
United Kingdom,1994,GBR,2.795025,10.92725
United Kingdom,1995,GBR,2.725696,10.76036
United Kingdom,1996,GBR,2.828773,10.08934
United Kingdom,1997,GBR,2.762585,10.15644
United Kingdom,1998,GBR,2.856035,10.81911
United Kingdom,1999,GBR,2.861329,10.81001
United Kingdom,2000,GBR,2.871172,10.33551
United Kingdom,2001,GBR,2.635219,10.20752
United Kingdom,2002,GBR,2.755822,10.09898
United Kingdom,2003,GBR,2.660466,9.572784
United Kingdom,2004,GBR,2.879764,9.783954
United States,1950,USA,4.960009,17.77851
United States,1951,USA,4.561817,16.28027
United States,1952,USA,4.287655,15.88175
United States,1953,USA,4.190372,16.20172
United States,1954,USA,4.078955,16.45053
United States,1955,USA,4.496099,16.17426
United States,1956,USA,4.375252,15.95694
United States,1957,USA,4.237473,15.77539
United States,1958,USA,4.739722,17.29955
United States,1959,USA,4.696201,17.16739
United States,1960,USA,4.97594,17.11468
United States,1961,USA,4.965976,16.7991
United States,1962,USA,5.601066,17.32314
United States,1963,USA,5.965665,17.41107
United States,1964,USA,5.833147,17.04449
United States,1965,USA,6.312077,17.31475
United States,1966,USA,6.091924,17.10003
United States,1967,USA,6.288045,16.70201
United States,1968,USA,6.063595,16.6772
United States,1969,USA,6.495037,16.96198
United States,1970,USA,6.764477,17.55323
United States,1971,USA,6.994441,17.43881
United States,1972,USA,6.896132,18.07107
United States,1973,USA,6.578322,18.12635
United States,1974,USA,6.579705,18.35826
United States,1975,USA,6.739123,18.84915
United States,1976,USA,6.497314,18.36837
United States,1977,USA,6.599395,19.44749
United States,1978,USA,6.084483,18.25219
United States,1979,USA,5.831119,17.98113
United States,1980,USA,5.254861,17.9068
United States,1981,USA,5.563645,17.93703
United States,1982,USA,5.313848,18.37661
United States,1983,USA,5.124713,18.32817
United States,1984,USA,5.124178,18.6866
United States,1985,USA,4.825583,18.82926
United States,1986,USA,5.030247,19.42881
United States,1987,USA,4.862983,19.24467
United States,1988,USA,4.656812,18.87749
United States,1989,USA,4.476208,18.74973
United States,1990,USA,4.463702,19.17359
United States,1991,USA,4.323066,18.97799
United States,1992,USA,4.237412,18.50595
United States,1993,USA,4.269796,18.74911
United States,1994,USA,4.120951,18.72958
United States,1995,USA,4.027353,18.6631
United States,1996,USA,4.012577,18.05777
United States,1997,USA,4.041173,17.49109
United States,1998,USA,3.971198,17.311
United States,1999,USA,3.740543,16.37104
United States,2000,USA,3.634614,15.8555
United States,2001,USA,3.722382,16.30071
United States,2002,USA,3.841498,16.45662
United States,2003,USA,3.837264,16.13232
United States,2004,USA,4.175814,16.18447
Uruguay,1955,URY,7.821382,18.04284
Uruguay,1956,URY,9.487456,21.16918
Uruguay,1957,URY,7.101563,17.06626
Uruguay,1958,URY,5.600165,18.14059
Uruguay,1959,URY,5.789924,19.27122
Uruguay,1960,URY,7.090849,19.4641
Uruguay,1963,URY,4.748742,16.80121
Uruguay,1964,URY,3.986283,14.15188
Uruguay,1965,URY,5.687175,17.79073
Uruguay,1966,URY,5.505983,17.03898
Uruguay,1967,URY,5.024784,16.58594
Uruguay,1968,URY,4.872096,16.8644
Uruguay,1969,URY,5.634128,16.61457
Uruguay,1970,URY,5.243791,14.48357
Uruguay,1971,URY,4.628649,17.2133
Uruguay,1972,URY,4.473436,18.96768
Uruguay,1973,URY,4.54467,19.29246
Uruguay,1974,URY,6.014835,17.8912
Uruguay,1975,URY,4.083939,16.71816
Uruguay,1976,URY,5.437172,16.20861
Uruguay,1977,URY,4.145528,19.51051
Uruguay,1978,URY,4.677876,16.40801
Uruguay,1980,URY,2.957085,15.75476
Uruguay,1981,URY,2.594344,15.45711
Uruguay,1982,URY,3.678551,18.11897
Uruguay,1983,URY,3.279607,18.61906
Uruguay,1984,URY,3.863088,18.0129
Uruguay,1985,URY,3.107611,15.76493
Uruguay,1986,URY,3.52106,13.39979
Uruguay,1987,URY,3.911052,12.65487
Uruguay,1988,URY,3.361566,13.91242
Uruguay,1989,URY,4.188364,17.94848
Uruguay,1990,URY,3.695709,16.42166
Uruguay,1993,URY,5.488769,19.61811
Uruguay,1994,URY,4.154894,20.18342
Uruguay,1995,URY,5.791384,20.36055
Uruguay,1996,URY,4.79489,19.37699
Uruguay,1997,URY,4.889874,22.63041
Uruguay,1998,URY,5.797886,25.5048
Uruguay,1999,URY,4.640351,22.12918
Uruguay,2000,URY,5.195457,27.87655
Uruguay,2001,URY,5.992177,23.17886
Uruguay,2004,URY,5.87522,24.62257
USSR,1982,OWID_USS,9.485607,47.42691
USSR,1983,OWID_USS,9.808056,49.35331
USSR,1984,OWID_USS,10.17777,51.90044
USSR,1985,OWID_USS,8.968728,42.3809
USSR,1986,OWID_USS,8.041356,31.0752
USSR,1987,OWID_USS,8.053088,31.58979
USSR,1988,OWID_USS,8.14377,32.15807
USSR,1989,OWID_USS,8.102757,35.44636
USSR,1990,OWID_USS,8.005068,35.57103
Uzbekistan,1981,UZB,4.706081,15.05294
Uzbekistan,1982,UZB,4.700735,14.24871
Uzbekistan,1985,UZB,5.843649,16.64022
Uzbekistan,1986,UZB,5.153222,15.14436
Uzbekistan,1987,UZB,5.550764,13.19061
Uzbekistan,1988,UZB,5.186389,11.97316
Uzbekistan,1989,UZB,5.754392,14.47702
Uzbekistan,1990,UZB,5.557875,13.63582
Uzbekistan,1991,UZB,4.245213,13.81388
Uzbekistan,1992,UZB,3.858855,12.09948
Uzbekistan,1993,UZB,3.871968,12.4207
Uzbekistan,1994,UZB,3.723653,13.04666
Uzbekistan,1995,UZB,3.704561,13.9437
Uzbekistan,1996,UZB,3.800148,15.54354
Uzbekistan,1997,UZB,3.434181,13.59914
Uzbekistan,1998,UZB,3.408654,13.49692
Uzbekistan,1999,UZB,3.905299,14.07134
Uzbekistan,2000,UZB,4.224298,14.4234
Uzbekistan,2001,UZB,3.965342,13.80541
Uzbekistan,2002,UZB,3.367691,10.84465
Uzbekistan,2003,UZB,3.1516,9.563709
Uzbekistan,2004,UZB,2.460547,8.335874
Vanuatu,2004,VUT,4.640526295,5.264332771
Venezuela,1955,VEN,2.761771,11.71573
Venezuela,1956,VEN,3.440769,12.50311
Venezuela,1957,VEN,2.740319,10.25231
Venezuela,1958,VEN,3.402511,12.44056
Venezuela,1959,VEN,4.563677,10.96162
Venezuela,1960,VEN,3.825712,12.09969
Venezuela,1961,VEN,4.445967,10.9523
Venezuela,1962,VEN,4.279155,10.84552
Venezuela,1963,VEN,4.085367,11.38046
Venezuela,1964,VEN,3.904315,12.68132
Venezuela,1965,VEN,3.980485,13.46029
Venezuela,1966,VEN,4.737731,14.03911
Venezuela,1967,VEN,4.284422,12.96048
Venezuela,1968,VEN,4.133926,12.4001
Venezuela,1969,VEN,5.088382,15.00241
Venezuela,1970,VEN,4.608035,14.48611
Venezuela,1971,VEN,4.265741,13.47754
Venezuela,1972,VEN,4.063846,13.02315
Venezuela,1973,VEN,3.198213,12.89934
Venezuela,1974,VEN,2.95806,10.29035
Venezuela,1975,VEN,3.108485,11.37829
Venezuela,1976,VEN,2.485117,10.09245
Venezuela,1977,VEN,2.247088,9.832047
Venezuela,1978,VEN,2.456438,10.68574
Venezuela,1979,VEN,1.899036,8.958564
Venezuela,1980,VEN,2.16434,11.24496
Venezuela,1981,VEN,2.010783,9.579517
Venezuela,1982,VEN,2.33286,9.191083
Venezuela,1983,VEN,2.257488,10.54608
Venezuela,1985,VEN,2.101539,10.37314
Venezuela,1986,VEN,2.033747,10.01337
Venezuela,1987,VEN,1.909971,9.010385
Venezuela,1988,VEN,1.672729,10.07475
Venezuela,1989,VEN,2.104551,9.943327
Venezuela,1990,VEN,2.247543,10.37613
Venezuela,1992,VEN,1.615445,10.12002
Venezuela,1993,VEN,1.602647,9.66666
Venezuela,1994,VEN,2.075771,10.28348
Venezuela,1996,VEN,1.528837,9.180905
Venezuela,1997,VEN,1.824896,9.015438
Venezuela,1998,VEN,1.777638,9.398416
Venezuela,1999,VEN,1.890461,10.00875
Venezuela,2000,VEN,1.627371,10.2961
Venezuela,2001,VEN,1.898149,10.58273
Venezuela,2002,VEN,1.837916,9.732867
Venezuela,2003,VEN,1.756944,8.302842
Venezuela,2004,VEN,1.579628,7.2048
Vietnam,2004,VNM,9.281546593,14.20449734
West Germany,1952,OWID_GFR,10.05357,23.25524
West Germany,1953,OWID_GFR,10.19366,24.09809
West Germany,1954,OWID_GFR,11.24959,25.16584
West Germany,1955,OWID_GFR,11.23531,24.42391
West Germany,1956,OWID_GFR,10.62746,24.21899
West Germany,1957,OWID_GFR,10.5677,23.43021
West Germany,1958,OWID_GFR,10.54551,24.58185
West Germany,1959,OWID_GFR,10.60355,23.78552
West Germany,1960,OWID_GFR,10.6596,23.7907
West Germany,1961,OWID_GFR,10.97472,23.39816
West Germany,1962,OWID_GFR,10.41092,23.20643
West Germany,1963,OWID_GFR,10.88167,24.44666
West Germany,1964,OWID_GFR,11.36707,25.37607
West Germany,1965,OWID_GFR,11.32999,24.93201
West Germany,1966,OWID_GFR,11.49965,25.87004
West Germany,1967,OWID_GFR,11.43323,27.96327
West Germany,1968,OWID_GFR,11.69543,26.36491
West Germany,1969,OWID_GFR,12.1856,26.43683
West Germany,1970,OWID_GFR,12.59102,27.14107
West Germany,1971,OWID_GFR,12.24174,26.30488
West Germany,1972,OWID_GFR,11.52183,25.07037
West Germany,1973,OWID_GFR,11.98623,26.02585
West Germany,1974,OWID_GFR,12.04591,26.30085
West Germany,1975,OWID_GFR,11.84409,26.08299
West Germany,1976,OWID_GFR,12.11986,27.17856
West Germany,1977,OWID_GFR,12.74571,28.02503
West Germany,1978,OWID_GFR,12.15791,27.49423
West Germany,1979,OWID_GFR,11.39117,26.25374
West Germany,1980,OWID_GFR,10.89978,25.21093
West Germany,1981,OWID_GFR,11.09901,26.31953
West Germany,1982,OWID_GFR,10.52612,26.27146
West Germany,1983,OWID_GFR,10.85313,25.19592
West Germany,1984,OWID_GFR,9.769133,24.57673
West Germany,1985,OWID_GFR,9.466913,25.05526
West Germany,1986,OWID_GFR,8.796329,22.48152
West Germany,1987,OWID_GFR,8.562513,22.35457
West Germany,1988,OWID_GFR,7.769985,20.69531
West Germany,1989,OWID_GFR,7.13517,19.45896
West Germany,1990,OWID_GFR,6.796198,18.63537
Yemen,2004,YEM,5.373616695,7.235575199
Yugoslavia,1968,OWID_YGS,6.980638,20.71317
Yugoslavia,1969,OWID_YGS,7.668771,22.32288
Yugoslavia,1978,OWID_YGS,8.268257,19.92653
Yugoslavia,1979,OWID_YGS,7.954185,20.5665
Yugoslavia,1980,OWID_YGS,7.97878,21.30191
Yugoslavia,1981,OWID_YGS,8.267892,22.80865
Yugoslavia,1982,OWID_YGS,9.055255,22.37416
Yugoslavia,1983,OWID_YGS,8.625981,22.67598
Yugoslavia,1984,OWID_YGS,8.548234,23.24142
Yugoslavia,1985,OWID_YGS,8.234728,22.53332
Yugoslavia,1986,OWID_YGS,8.31718,22.3238
Yugoslavia,1987,OWID_YGS,9.230215,23.3355
Yugoslavia,1988,OWID_YGS,8.753218,22.12781
Yugoslavia,1989,OWID_YGS,8.518538,22.4161
Yugoslavia,1990,OWID_YGS,7.793037,20.807
Zambia,2004,ZMB,7.959890842,16.53609085
Zimbabwe,2004,ZWE,9.376058578,18.83601761
